gps_point;street;postal_code
42.472483896,2.145448791;hameau cascarols fromagerie cal rous;66210
42.614202305,2.9236236030000002;Route De Villeneuve;66200
43.528980758,1.401955643;Chemin des Sables;31120
43.143050322,2.738891754;18 avenue de Lezignan;11200
42.853965958,1.07673861;zone artisanale;09800
43.728552884,3.924475315;Domaine de la Triballe;34820
43.297394619,2.686954481;7 Avenue Des Cathares;11700
43.522315551,3.199781498;13 bis rue de la tuilerie;34480
43.972634965,4.599829451;3 CHEMIN DE LA CLASTRE;30210
43.844657847,4.3475910110000004;19 avenue Feucheres;30900
43.376655372,3.000480567;10 RUE DE LA REPUBLIQUE;34370
43.486303311,3.803940534;CHEMIN DE LA PLAINE HAUTE;34110
43.463290067,3.415988682;Plaine de Roujan,;34120
43.805327295,3.575890259;LOU MOULY;34380
43.454424304,3.040666458;37 avenue de la gare;34460
43.500566166,3.593696557;Route De Loupian;34560
43.619109637,3.121353565;route de St Pons;34600
43.518304172,3.264444507;domaine de Cadablès chemin du petrole;34320
43.421209287,2.931850471;Route de Salabert;34360
43.848317,1.7149684120000002;LE MOULIN BRULE VERTUS;81800
43.200066861,2.148362194;DOMAINE DE FONTALES;11290
43.792289996,4.39529662;"Domaine de Belle Coste
chemin de belle vue";30132
43.33011498,2.6632184260000002;24 BIS AVENUE DU PETIT SOLEIL;34210
43.61335437,3.8692640540000003;1050 rue des Bouisses;34070
43.329414861,2.468555667;Les Graves;11160
43.996565557,3.878800555;335 Route De La Cabanelle;30170
43.468872961,3.33962295;27 rue de la guissaume;34290
43.329764253,2.871298132;LA ROUEYRE;11120
43.769683846,3.870115659;595 ancien chemin de Valflaunès;34270
43.601959029,2.687226642;Place De Compostelle;34330
43.204059124,2.762030341;D261 route départemental;11200
44.011626444,3.183654857;ZAE MILLAU SUD;12230
43.360468419,3.547235186;"Mas n°8 chemin de l'etang
Port des Mazets";34340
44.277832242,2.709259812;118 Avenue de Rodez;12290
42.568431313,2.95818133;Mas cerqueda - CD11;66690
43.562331313,3.271326995;Le Mas Rolland;34320
42.584480725,2.9207320560000003;8 Place Jean Moulin;66560
43.106221019,2.131705778;Departementale 623;11240
44.041721132,4.756730953;"Domaine des Carabiniers
4976 RN 580";30150
43.463290067,3.415988682;CHEMIN MERES DES FONTAINES;34120
43.504757859,3.36766451;La Chartreuse de Mougères 34720 Caux;34720
43.096002435,2.604200077;CHATEAU DES AUZINES;11220
44.218979089,4.494453141;HAMEAU SAINT GELY;30630
49.020719774,1.571144812;Quai du port au vin;78270
43.525810248,3.858234121;Route de Mireval;34750
43.981476028,4.490965018;"1000
Route D UZES D3B";30210
43.925751886,3.733792833;130 CHEMIN DU FOUR A CHAUX;34190
43.463290067,3.415988682;Chemin St Christol;34120
42.584875828,2.777704947;15 place de la Mairie;66300
43.550541316,4.184188614;"Terres de Sable 
Lieu dit Corbieres";30220
43.534573652,3.122249509;Rue De L'ancienne Forge Lieu Dit La Liquiere;34480
43.634176826,3.412911953;13, avenue du President Wilson;34800
43.313064786,3.399143783;DOMAINE DU BOSC;34450
43.35195551,2.93456814;rte d'Assignan;34310
43.275449514,2.282318337;4 RUE DES JARDINS;11610
43.409231353,3.512672476;"Château de Pinet
1 rue Ludovic Gaujal";34850
43.61335437,3.8692640540000003;48 rue Claude Balbastre;34070
43.694085945,3.546427321;176 Route de Montpeyroux;34150
44.224769387,3.270150165;1 La Viale;48150
43.661307259,3.469014257;440 route de saint guiraud;34725
43.756953387,3.545176479;15 rue descente du portal;34150
43.272987263,3.297134831;114 Avenue Roger Audoux;34410
43.61335437,3.8692640540000003;9 rue du cheval vert;34000
43.272987263,3.297134831;Domaine de Querelle;34410
43.486303311,3.803940534;50 chemin de la condamine;34110
43.758859191,4.264796843;"ROUTE DE BOISSIERES
PUECH CABRIER";30620
42.683900311,3.010904692;voie des coteaux;66140
43.321698731,2.098377197;34 Grand Rue;11170
43.801874888,3.862306734;MAS DE GOURDOU;34270
43.12569719,1.9177483190000002;DOMAINE DE LA TRILLE;09500
43.669286067,3.863198375;7 rue des Aires;34980
43.44813198,3.749580097;Route de Montpellier;34110
43.661307259,3.469014257;171 Chemin de Labiras;34725
43.661307259,3.469014257;154 chemin des Crassières;34725
43.271358589,2.510108547;Lieu dit Prat-Majou;11800
43.751639943,4.49586055;31 BIS Route d'Arles;30127
43.61335437,3.8692640540000003;"3, avenue de castelnau 
le parc bat6";34090
43.657457653,3.295728994;27 avenue du mas de carles;34800
43.097978233,2.092076593;route de villelongue;11240
43.61335437,3.8692640540000003;1001 rue de fontcouverte;34070
44.03496649,4.242393939;125  Chemin du lavoir;30360
43.474649421,3.510060528;15 ROUTE D'AUMES;34530
43.249815718,2.797007233;Chemin des Matelles;11200
43.347960858,2.853529202;1 Chemin St Hippolyte Hameau De Cazelles;34210
43.016134749,1.10804836;ZONE INDUSTRIELLE;09190
43.249605454,2.366056227;"Carrefour de Bezons 
Route de Caunes";11620
43.450522306,3.625995737;zone conchylicole est;34140
43.293353743,2.436896162;4 rue des Maillols;11600
43.454424304,3.040666458;LIEU DIT SAINT BLAISE;34460
44.928279074,1.856540483;79 Avenue de la République;46130
43.35195551,2.93456814;11 LOT LE CLOS DE L OLIVIER;34310
43.537982509,3.45846446;170 chemin des lauriers;34230
43.568191913,3.2417772400000002;Le Moulenc, LD Larbussele;34320
43.53413424,3.772142567;329 chemin du Pountiou;34690
43.177539691,2.836540512;52 avenue des auberges;11200
43.500566166,3.593696557;Mas de Bayle;34560
43.952406479,1.237663208;271 Route de Lauriol;82700
43.210458792,2.549490506;domaine st gabriel;11800
43.898999741,1.39678184;384 chemin de berny;82370
44.011626444,3.183654857;Parc d'Activités MILLAU-LARZAC;12230
43.695988705,4.3224648420000005;RD 6572;30640
43.40024822,2.886676394;Carriera dals Camps;34360
43.537982509,3.45846446;428 route de saint martin;34230
43.4412539,2.080276777;La Rivière;81540
43.081222327,1.661640397;"PEPINIERE D'ENTREPRISES
CAP DELTA
215 RUE LOUIS PASTEUR";09340
43.53149473,3.54356087;"Chateau Rieutort
Rieutort";34230
44.694284344,2.8673573660000002;Les Clauzades;12210
43.318805315,2.416792062;Domaine La Villatade;11600
43.711387769,3.502633707;28 RUE DU PLÔ;34150
43.40024822,2.886676394;domaine du sacre coeur;34360
42.720402404,2.6236771240000003;Route de Caladroy;66720
43.44813198,3.749580097;Château de la Peyrade;34110
43.537982509,3.45846446;43 rue des lavandes;34230
43.492281954,3.438155894;Mairie, Rue de la Mairie;34120
43.829215492,3.95070599;Route de Brestalou;34270
43.41211123,3.231379;14 RUE DES PEYRALLES;34290
43.931944327,4.20576036;31 Route De St Bauzely;30190
43.989412540000004,4.076377392;33 ROUTE DES VIGNERONS;30350
42.988267242,1.284044986;2 place du 8 mai;09420
42.715136713,2.846241691;"ZI La Mirande - 6 avenue de l&#39;aerodrome";66240
43.046378946,2.179156685;Domaine J.LAURENS;11300
43.429168764,3.578401617;"MAS SAINT LAURENT
HAMEAU DE MONTMEZE";34140
43.877095689,4.554271156;5 chemin des près;30840
42.683900311,3.010904692;5 Impasse de l'HORT;66140
42.767942954,2.707112915;2 boulevard Jean Jaurès;66310
43.844657847,4.3475910110000004;8 Rue enclos rey;30000
42.709359491,2.508987116;12 chemin des romarins;66130
44.156907773,1.543699696;18 BD GRANIÉ;82300
43.775515905,4.082501166;1990, ROUTE D'AUBAIS;30250
43.657805591,4.407426996;1 Route De Montpellier D.197;30800
43.650409014,3.5035213880000002;Hameau de Cambous;34725
43.813777601,0.549645917;www.vin-gascogne-3domaines.com;32390
42.891101775,0.436817893;Hameau de Ys;65240
43.165034031,3.020200005;"ROUTE DE GRUISSAN
CHEMIN DE LA COULEUVRE";11100
42.738721892,2.521748745;01 RUE DES TROENES;66220
42.748102148,2.756149788;CHEMIN DE MONTNER;66600
43.807058464,4.039019771;Cellier du mas Montel - 2, chemin du Mas Montel;30250
44.050761101,3.9743430699999998;1820 ROUTE DE SAINT JEAN DU GARD;30140
43.566769432,3.5053351150000003;193 Route de Plaissan;34230
42.728302583,2.9417425340000003;199 chemin de Charlemagne;66430
43.125671629,2.705226326;26 rue Sainte Elisabeth;11200
44.552035798,3.676554379;Lieu dit le mazas;48190
43.382209463,2.911374465;2 Avenue d'Agel;34360
43.474649421,3.510060528;Domaine Nicole Route De Villeveyrac D5;34530
42.637652625,2.483930933;Lieu Dit la degoude;66320
43.105348897,2.807191301;CHATEAU OLLIEUX ROMANIS;11200
43.307330447,2.8299129130000003;Château Landure;11120
43.61335437,3.8692640540000003;1 rue marie Muller;34070
43.465443792,1.996737712;6 avenue de la pomme;31250
43.123521232,1.615608034;lieu dit La Grausse;09100
42.637486625,2.872869187;9, rue du Figuier;66450
43.273886088,2.6567986340000003;4 avenue du Minervois;11700
43.769683846,3.870115659;"18 rue de L&#39;aire de Lancyre";34270
43.53413424,3.772142567;2 rue du pont neuf;34690
43.437853418,3.208170456;9 Place de la Mairie;34480
43.892438858,0.7612714140000001;chemin du hournas;32380
43.769683846,3.870115659;111 chemin de la vieille;34270
43.751036833,3.432676929;chemin de la bruyère des salces;34700
43.637724723,3.912419233;7 avenue de la Galine;34170
44.125248892,3.938116548;197 chemin aubignac;30140
43.671856649,4.203894749;"LA JASSE D ISNARD
D-288";30470
43.329764253,2.871298132;La Grange de Cathala;11120
43.661952364,3.8865815340000003;36 RUE DE LAVALETTE;34830
44.081453454,1.44893286;1936 route de COS;82350
42.576135542,2.322534413;46 Route Nationale;66360
43.857252813,3.876855727;Chemin de farjou;34270
42.70207511,1.443094286;106 Rue du montcalm;09220
43.474649421,3.510060528;domaine de Campaucels;34530
43.509262413,3.513510724;Domaine de Montmau;34230
43.454424304,3.040666458;15 RUE DE LA SAVONNERIE 34460 CESSENON SUR ORB;34460
44.197410121,4.2536344249999996;les vielles fumades;30500
43.321894366,3.048051142;RD 39 ROUTE DE MAUREILHAN;34310
43.202169339,1.001758046;ZA LES LANES;31220
43.337696165,2.633094762;Chateau Sainte Eulalie;34210
43.634176826,3.412911953;Avenue du lac;34800
43.125671629,2.705226326;5 Rue Des Coopératives;11200
43.059804994,0.47884050800000005;14, Chemin du Marcadau;65150
43.911501531,4.085133442;Mas Costeplane;30260
43.367441052,2.787196738;4 RUE DE LA POTERIE;34210
43.103602213,3.081876506;Route de l'Ayrolle;11430
43.107731501,2.237780649;Château Rives-Blanques;11300
43.724450775,2.321799848;46 grand rue;81360
44.260866136,3.984114304;Les Ponchets;30110
42.820703118,2.507417036;CHEMIN DE BAYRA;66220
44.014972736,4.088802688;421 chemin des Arnasseaux;30350
42.77465342,2.5953970550000003;5 AVENUE DE CARAMANY;66720
43.465443792,1.996737712;CHEMIN DE BEAUSEJOUR;31250
42.94980784,2.55865703;1 TER RD 613;11330
43.438188375,2.893011258;Rue des Cèdres;34360
43.610499377,3.5587164319999998;Chemin St Jean Laval;34230
42.820703118,2.507417036;28, rue arago;66220
43.365263065,0.261445674;5 chemin MOLOUS;65220
43.779737256,4.593839351;590 Route de Fourques;30300
44.09340191,4.47703675;Mas de SOLAN;30330
43.585562629,3.74964431;8 avenue de Cournonterral;34570
43.363313924,2.721319851;La Courounelle;34210
43.486303311,3.803940534;6 route de Montpellier;34110
43.77272461,3.318382161;LE CHAMP DE PEYROTTES;34700
43.711387769,3.502633707;RUE DES THERONS;34150
43.494207907,3.723271944;Rue APPPERT;34770
44.73484341,1.376882168;Avenue Georges Pompidou;46300
43.69741404,2.688445658;LA GRAVE;81230
43.422174534,2.310128076;1 rue de la Poste;11390
44.255804282,3.542939414;Lieu dit Solpérières;48400
43.625626772,4.305879996;MAS D'Anglas;30600
43.673995909,3.478702552;355 RUE DU FOYER COMMUNAL;34725
43.018171692,2.857688801;Lieu-dit Mandourelle;11360
44.009320427,4.69279273;ROUTE DE ROQUEMAURE;30126
43.618049945,4.063879251;route de Lansargues;34130
43.69822824,0.9894362680000001;8 impasse d'embideau;32430
44.374013283,3.945435215;Route de Villefort;30450
44.267815146,2.925185379;Lieu Dit La Plaine;12780
42.639650639,2.945868614;1 Mas Saint Jean;66200
43.888269752,1.438147675;435 chemin de travaux;82370
43.360468419,3.547235186;1 rue du progrès;34340
43.711387769,3.502633707;10 rue des mazes;34150
42.945027563,2.328454093;"2 route d&#39;Arques";11190
43.441398131,2.963203182;"19 AVENUE DE SAINT-CHINIAN
HAMEAU DE COMBEJEAN";34360
44.694284344,2.8673573660000002;La Borie Neuve;12210
43.377850172,1.171788643;848 ROUTE DE POUCHARRAMET;31370
44.009320427,4.69279273;LE PALAI NORD;30126
42.796680046,2.822094634;Serre Romani - Mas de las Parets;66600
44.763506957,1.716494752;ZA DU PERIE;46500
42.460089957,2.800815395;Las Burguères Mas Casanove;66480
44.194040726,3.918841351;La CLEF de FER;48160
43.584948574,3.802111823;10 rue de Perpignan;34880
43.539913581,3.333113555;9 Rue du Potarouch;34320
44.013218996,4.416250746;Chemin du mas de France;30700
43.787883495,4.188906389;135 Avenue Gerbu;30420
43.625626772,4.305879996;CHEMIN DES COQUILLONS;30600
43.832080149,3.756922004;Hameau De Masclac;34380
42.672574488,2.748139676;11 RUE DES GARDIOLES;66170
43.600278527,-0.138670723;2803 Route de madiran;32400
43.85209141,1.379226369;3950 Route de Campsas;31620
43.323839061,2.745510698;Mas Paumarhel 3 Chemin De La Métairie;34210
43.311337823,2.910488603;22 rue Delpy;11120
43.090072325,2.949143672;Domaine de Sainte Eugénie;11440
43.44813198,3.749580097;za mas de kle, 5 rue montgolfier;34110
44.641882128,3.751341984;LE MONT;48170
42.778933018000004,2.8768525250000003;4 Rue Francisco Ferrer;66600
44.450821752,1.440539357;17 IMPASSE LAURICESQUE;46000
43.347466978,3.230859725;ROUTE DE BESSAN;34500
44.358691956,2.566866502;Les Balquières -  Bat Unicor;12000
43.391754096,3.645303295;1 quai Philippe Régy;34200
43.522315551,3.199781498;21, avenue de la Gare;34480
42.770524555,2.651755257;2 Avenue Général de Gaulle;66720
43.53413424,3.772142567;"mas de mante 
rd 613";34690
42.908749648,2.059785844;4 Route Departementale 117;11230
43.29282676,2.969777315;Chez Les Vignerons Du Narbonnais 3 Rue Coluche;11590
43.640292412,4.035800278;"1 bis rue de la Garrigue
ZA du Bosc";34130
43.61335437,3.8692640540000003;371 Avenue du marché gare;34070
43.02401843,1.079753911;ZONE INDUSTRIELLE ALLANS;09160
43.60911854,3.739490257;24, rue des Clauzes;34570
43.918713388,3.802090236;La Plaine;34190
43.44813198,3.749580097;"PORT HALIEUTIQUE REGIONAL
LES BLOCS, CD 50";34110
43.20540778,2.459776321;Domaine de Cantalauze;11800
43.267903206,2.448968345;Domaine de Parazols;11600
42.778933018000004,2.8768525250000003;6 rue Marceau;66600
43.650511569,3.793954261;Ancienne route de ganges;34790
42.895862273,2.966127513;2 impasse des Figuiers;11510
44.777420174,3.640826446;La Fage;48600
43.966531747,3.9983790260000003;Comiac 1 Route De Logrian;30610
43.550541316,4.184188614;ROUTE D'ARLES;30220
43.532222075,0.936537308;"376 route de Cazaux-Saves
En Loune";32130
43.168319402,0.57070896;quartier La Lanne;31580
43.674670641,3.53273858;Rue des Treilles;34150
43.379729229,3.263406087;3 BIS ROUTE DE BEDARIEUX;34760
43.847688303,4.028462931;Chemin De La Tuilerie;30260
43.652900646,3.936336459;Domaine du Mas du Pont;34920
42.644744561,2.588014418;AV MARECHAL JOFFRE;66130
42.696441301,2.898977872;38 Avenue de Grande Bretagne;66000
42.600462526,2.9714856210000002;Route de Saint Martin;66200
43.283738198,2.384290306;rte de Villegailhenc;11600
43.954893792,2.488295034;Route de Cadix;81340
43.33011498,2.6632184260000002;6 CHEMIN DES VIGNERONS;34210
44.260927999,4.586732869;28, Chemin de la Chartreuse;30130
43.226448341,2.831256142;DOMAINE DE FONTARECHE;11200
42.696441301,2.898977872;"Avenue Caustier
Grand saint Charles";66000
43.625626772,4.305879996;Chemin de la Churascaia;30600
48.904081231,2.3059669879999998;92-98 Boulevard Victor Hugo;92110
43.550734683,2.582555705;Route de Lacabarède;81260
42.533927805,2.709189335;"Mas Cané
11 La Calcine";66400
43.567190207,3.448321556;Rue Saint Gorges;34800
43.614726969,3.678978639;1025 chemin de l'ancienne voie férrée;34570
42.96127233,2.871147707;7 Avenue des Corbieres;11360
43.710446561,3.898270391;285 AV DE STE CRX DE QUINTILLARGUES;34820
43.350887678,2.980628899;3, RUE DU MOULIN A VENT;34310
43.69741404,2.688445658;Chemin de Granisse;81230
43.566769432,3.5053351150000003;Avenue Notre Dame de Rouviège;34230
44.457980354,1.114471886;le bourg;46700
42.813576204,2.719362559;44-46 RUE GAMBETTA;66720
43.684740378,3.928709476;1 Rue Du Dévès;34820
43.966310484,4.080324453;Rue Des Vins;30350
43.615625896,2.238251917;73 rue Théron Perie;81100
44.853141035,1.892658111;Avenue Anatole de Monzie;46400
42.6327704,2.826257004;3 Avenue de Pollestres;66300
43.33011498,2.6632184260000002;"CLOS CENTEILLES
CHEMIN DE CENTEILLES";34210
43.43775813,3.258448497;15 rue de l'espital;34290
43.569003479,4.076304328;"Centre commercial le miramar 
Avenue Robert fages";34280
43.200073763,2.8162759900000003;Sarl Gualco  Chateau Etang Des Colombes L Etang;11200
43.051882103,2.906373918;1 AVENUE DES CORBIERES;11490
44.184549807,1.87487855;"lieu dit le bouis
82330
VERFEIL/SEYE";82330
43.977704279,4.334601811;Cave Cooperative;30190
43.360468419,3.547235186;16 rue de la louisiane;34340
44.21123208,1.9635980499999999;4 RUE DE LA PIQUE;12270
42.696441301,2.898977872;299 RUE ETTORE BUGATTI;66000
44.681559143,3.829626191;le village;48300
42.778933018000004,2.8768525250000003;29 avenue du stade;66600
43.329764253,2.871298132;La Lécugne;11120
42.622816853,2.951781414;10 Rue Des Ecoles;66200
43.408873554,2.54886106;3 Hameau Du Sahuc;11160
43.68682806,3.842969964;25 rue du Four;34980
43.251276026,2.924305448;18 rue de la liberte;11120
43.792641453,3.707968331;"ZAE Les Hautes Garrigues 
Route De Frouzet";34380
43.245738053,2.77094126;32 AVENUE DES PLATANES;11200
43.954044552,1.892092033;Gayssou;81600
43.321894366,3.048051142;DOMAINE DE CIBADIES;34310
43.22289222,2.708283443;Lieu dit La Bastide;11200
42.90627739,2.727780393;2, rue de la cave coopérative;11350
44.227750547,4.174661396;"251 chemin du pigeonnier
mas salles";30960
44.644583955,3.049019639;Place du Foirail;48260
43.457899324,3.135240891;Mas Maury;34490
43.877095689,4.554271156;"Hameau de Pazac
Route de Redessan";30840
44.195207001,4.579305349;Rue Du Pigeonnier;30200
43.051882103,2.906373918;3 chemin de moncal;11490
43.522315551,3.199781498;1750, chemin de Bédarieux;34480
43.522315551,3.199781498;25, Avenue de la gare;34480
42.826524676,2.436329482;Avenue des Fenouillèdes;66220
43.165034031,3.020200005;94 AVENUE DE GRUISSAN;11100
43.85865859,4.120630214;LD Belle Garde;30250
43.82885322,1.496499902;20 HAMEAU DE RAYGADES;31340
43.5212768,0.15632982;5 rue du Putnau;32230
43.258164596,3.227078708;"Avenue de la Méditerranée
CS 10715";34350
42.962204778,2.218972835;11 route de Couiza;11190
43.123521232,1.615608034;Lieu-dit Martel n°4;09100
42.705317875,2.764567484;MAS DE BLANES;66370
43.673995909,3.478702552;653 route de St André;34725
42.997691243,2.812591497;37 avenue de Narbonne;11360
43.347466978,3.230859725;14 route de Capestang;34500
43.088551493,0.7015595840000001;21 CHEMIN DE PROUZIC;31800
43.043955601,1.114411835;ALLEE DU CAMP DE BONIN;09190
43.179033117,2.484793831;"RN 113
N°2 la Prade";11800
43.673995909,3.478702552;7 ROUTE DE ST ANDRE;34725
43.413368386,3.157422489;"Domaine des 4 Rodes
Les Vignals";34490
42.643305566,2.758581736;domaine de flos;66300
44.216454446,5.028714495;ROUTE DE SABLET;84110
43.857188035,4.634014417;1402,CHEMIN DU ROUDADOU;30300
43.711387769,3.502633707;2 Place Michel Teisserenc;34150
43.688923031,3.809875247;Route de Prades;34980
43.601959029,2.687226642;Lieu Dit Besses Basses;34330
43.664963985,2.032135183;Varagnes;81220
42.669875609,2.824053857;Route de Thuir;66350
42.767942954,2.707112915;1 avenue Jean Lurçat;66310
42.958549152,2.769716259;13 Av des hautes Corbières;11360
43.032446687,2.30040612;"Domaine du Grès Vaillant
Chemin du Casse";11300
44.055389135,4.692074427;542, rue du Baron Le Roy;30126
43.271358589,2.510108547;Domaine Prat Majou;11800
43.005489723,0.591553866;1 cap de la vielle;65370
44.022262753,1.364081417;20 PLACE PRAX PARIS;82000
43.271358589,2.510108547;Domaine De Gibalaux;11800
43.568638492,3.779558168;Chemin du Tourtourel;34570
43.468872961,3.33962295;DOMAINE DE BRESCOU;34290
43.99512676,0.228653562;Lieu Dit Magnaut;32250
43.793223784,3.629618066;Route de Saint Jean de Buèges;34380
43.596037953,1.4320949010000001;183 avenue des Etats Unis;31200
43.429168764,3.578401617;12 Avenue de Villeveyrac;34140
43.635198023,3.966850731;CHEMIN DE CALAGE;34130
43.44813198,3.749580097;Route de balaruc la peyrade;34110
43.61335437,3.8692640540000003;28 rue des écoles laïques;34000
43.615625896,2.238251917;"La Borie Grande
Campans";81100
42.90627739,2.727780393;15 chemin des rebouls;11350
44.048712623,1.124069056;"1 rue de l'Occitanie
ZI de Barres 3";82100
43.536112304,5.398630399;3 rue du 4 Septembre;13100
43.505359494,3.237256728;4 Route de Magalas;34480
43.657805591,4.407426996;Château De La Pinède;30800
43.599472127,3.437541643;8 avenue Jean Jaurès;34800
43.049972342,2.2391332520000002;35 Avenue De La Catalogne Zi La Deveze;11300
43.08930617,2.783337716;Chateau Aiguilloux;11200
43.43775813,3.258448497;123 rue de la chapelle;34290
43.844657847,4.3475910110000004;Biscuits Arena 890 Route De Rouquairol Nimes;30900
43.49412169,2.355496678;"64 RUE DE LA MECANIQUE, ZI de la
ZI de la rougearie";81200
42.696441301,2.898977872;38 Avenue De Grande Bretagne;66000
43.93125665,2.002874242;lieu dit la barthe;81150
43.083395167,2.714037602;FONTROUGE;11220
43.234659038,0.066150886;4, CHEMIN DE BASTILLAC;65000
43.750996856,1.396068676;31 Impasse de l'industrie;31790
43.214898429,3.175618889;route de Saint Pierre;11560
43.457899324,3.135240891;Chateau Coujan;34490
43.940364055,0.6505389850000001;"Domaine d'Arton
Route de Miradoux";32700
43.090072325,2.949143672;10 RUE DU REC DE L'AIRE;11440
44.150362673,4.551555771;ROUTE D'ALES - LIEU DIT BASTET;30200
43.827500493,3.991218963;CHEMIN DU CHATEAU D'EAU;30260
43.801874888,3.862306734;106 rue des micocouliers;34270
42.854149395,2.715710913;38 avenue du roussillon;11350
43.61335437,3.8692640540000003;31 rue Proudhon;34090
43.209415595,2.343422135;40 rue auguste comte;11000
43.148382232,2.869838571;14 rue Jean-Jacques Rousseau;11200
43.625626772,4.305879996;4 rue Saint Sebastien - GALLICIAN;30600
43.14137015,2.3392757299999998;Domaine saint martin;11250
43.450522306,3.625995737;8 rue du Grenache;34140
42.596222631,2.242230373;La Bastide;66360
43.48116613,3.217232819;Domaine St-Martin d'Agel;34480
43.421209287,2.931850471;ROUTE DE SAINT PONS;34360
43.618049945,4.063879251;la gastade;34130
43.728552884,3.924475315;1100 ROUTE DE SAINT MATHIEU DE TREVIERS;34820
43.61335437,3.8692640540000003;371 avenue du marché gare;34070
43.504757859,3.36766451;"1,rue principale
Hameau de salleles";34720
43.454424304,3.040666458;Route de Causses et Veyran;34460
43.44813198,3.749580097;ZA LA PEYRADE;34110
43.540908254,2.91738827;Le Salvet St Etienne d'Albagnan;34390
43.68682806,3.842969964;Domaine de Saint Clément;34980
43.614447001,1.081354629;"Route deToulouse
Las Crabères";32600
44.022262753,1.364081417;569 CHEMIN DE BEGUE;82000
42.975741707,1.153483062;4 rue de bourg;09200
43.683376049,3.592224268;Chemin de Capion;34150
43.981476028,4.490965018;route départementale 6086;30210
43.251846301,2.856609811;4 cour du château;11120
43.084337113,1.02905351;pioulet;09160
43.661307259,3.469014257;BP1;34725
43.187559871,2.456950225;Rue des Corbieres;11800
43.534573652,3.122249509;Hameau de Lentheric;34480
43.079186051,0.383004275;3 ROUTE D'ESPAGNE;65250
43.049972342,2.2391332520000002;29 Avenue Charles de Gaulle;11300
43.620987218,0.879692871;ZA Lafourcade;32200
43.967166326,4.519310424;349 Chemin Des Bégudes;30210
43.204059124,2.762030341;4 Rue Des Romains;11200
43.117655664,2.184346138;Domaine La Louviere 1 La Louviere;11300
42.815401378,2.61294475;10 RUE DOCTEUR POUGAULT;66460
43.221078586,1.093274983;Z.A. MAILHOL DE SAINT-JEAN;31220
42.696441301,2.898977872;"242 ave de St CHARLES 
MEDINA 3  BP 85202";66000
43.090072325,2.949143672;Lieu dit Batiqueille;11440
43.132962214,2.653550229;23 AVENUE DE LA PROMENADE;11200
43.72381651,4.359105675;Route De Nîmes Station Fruitière Des Coteaux;30510
43.107731501,2.237780649;la coume;11300
42.763894047,2.944971914;9 rue des Blanqueries;66530
43.569206252,3.183484732;1207 Route De Pezenas;34600
43.61335437,3.8692640540000003;519 RUE DE LA CROIX VERTE;34090
43.769683846,3.870115659;140 av des côteaux de Mont ferrand;34270
42.602755615,2.759839983;46 AVENUE DES CORBIERES;66300
43.379717231,1.356256603;Lieu dit d''espinaouet;31870
43.730626684,3.30582418;1 Pae Le Capitoul;34700
43.683376049,3.592224268;Chemin des Conquetes;34150
44.222855488,2.446701163;"54 Chemin de Negrecam 
Lieu-dit NOYES";12160
43.474649421,3.510060528;DOMAINE SAINTE CROIX;34530
43.761327366,-0.030667017;AVENUE DANIATE;32110
43.805341297,4.488499277;MAS D ALBAN ROUTE DE BEAUCAIRE;30129
43.204059124,2.762030341;6 avenue gallieni;11200
44.447636834,2.028472055;Le Mas de Jammes;12260
43.535005474,3.426029227;cave coopérative;34230
43.695979509,3.387223961;ZA LA MERIDIENNE;34700
43.454424304,3.040666458;RTE DE CAZOULS;34460
44.3127547,4.465397244;Chemin de Cluchier;30760
44.793534901,1.465372839;891 Route de Campanole;46350
43.478651535,2.748611463;chemin de Portes 34 220 ST PONS DE THOMIERES;34220
44.126009118,1.098086865;2788 route de la Mégère;82200
43.751639943,4.49586055;Route de Jonquieres;30127
44.354970391,4.018205792;Chassac;30450
43.972634965,4.599829451;3, chemin de la Clastre;30210
43.347466978,3.230859725;3658 Route De Narbonne Chemin Du Luch;34500
43.544855875,1.34315827;131 ROUTE DE TOULOUSE;31270
43.540286834,3.702724923;Route du mas de bonnel;34660
44.529242018,3.481219072;"ZAE DU CAUSSE D'AUGE
RUE DE LA DRAINE";48000
42.584875828,2.777704947;Route De Trouillas  Mas De Della;66300
43.577640419,3.6174261149999998;Route De Montpellier;34230
43.271358589,2.510108547;9, avenue de la montagne noire;11800
43.179962504,2.611831566;76 avenue des Corbieres;11700
42.745702722,2.805480492;14 avenue Marechal;66390
44.022262753,1.364081417;641 Chemin du Quart;82000
43.904355826,4.683236609;342 CHEMIN DES AIRES;30390
42.794219656,3.00185226;3 rue Ludovic Masse;66250
44.097355053,3.117377106;120 rue Albert Austruy;12100
43.683376049,3.592224268;12 boulevard Saint Jean;34150
43.438188375,2.893011258;1, Rue des Cèdres;34360
43.250042588,2.453740247;Hameau de Villepeyroux;11600
43.650409014,3.5035213880000002;"Zae La Garrigue 
9 rue de l&#39;Amellau";34725
43.268809073,2.039125675;Domaine de la Souque;11150
43.831151987,3.881420005;Cazeneuve;34270
44.165612091,4.075326179;105, chemin de la transhumance;30520
42.819854033,2.139382024;Domaine des Massols;11140
43.454002649,3.237678458;10 Rue D'emblan;34480
43.429168764,3.578401617;Bld Ernest Massol 2 Lou Grégaou;34140
43.329764253,2.871298132;LIEU DIT LA ROUEYRE;11120
42.714957411,2.414181963;mas arsa;66730
42.600462526,2.9714856210000002;67 Avenue Paul Reig;66200
43.51370039,3.418578643;8 chemin des champs blancs;34320
44.126009118,1.098086865;665 route de la Mégère;82200
43.205491567,3.095655283;Route de Fleury;11110
44.126009118,1.098086865;6 rue du marché;82200
42.657183121,2.948547617;"Mas Alart
Route de Cabestany";66280
43.165034031,3.020200005;ROUTE DE NARBONNE PLAGE - DOMAINE DE L'HOSPITALET;11100
44.011954815,3.773436142;"Place de la mairie
place de la mairie";30440
43.177539691,2.836540512;79 Avenue Saint Marc;11200
42.815401378,2.61294475;Route des Mas;66460
43.654138489,3.6440911490000003;4 PLACE HIPPOLYTE NEGROU;34150
44.324799981,1.490913852;725 Avenue de Saint-Exupery;46230
43.049972342,2.2391332520000002;zi occitanie 4 rue jean mermoz;11300
43.752077408,3.833622848;DOMAINE HAUT LIROU;34270
42.621701446,3.015900405;Lieu-Dit 180 L'aspinesere Route Du Pas D'availl;66750
43.907052832,4.180646289;357 avenue de la mazade;30730
43.584948574,3.802111823;12 boulevard de la mairie;34880
42.643305566,2.758581736;ANCIEN CHEMIN DE PEZILLA;66300
43.5926656,2.797065505;Le Moulin;34330
43.569625011,2.9625663390000003;12 la plaine;34390
43.60911854,3.739490257;1 Place Clement Becat;34570
43.347466978,3.230859725;2 boulevard jean bouin;34500
43.598943086,3.245022151;"Domaine de Pouzes
2443, route de Bédarieux";34600
43.075584201,1.496439826;LE VILLAGE;09120
43.884627312,2.456410362;ZA Le Dolmen;81250
42.794219656,3.00185226;4 rue de Rivoli;66250
44.100404152,4.235841061;Chemin Bel Air;30580
43.165034031,3.020200005;12 QUAI DE LORRAINE;11100
43.265225733,2.174803002;"Domaine Sesquieres
route de Montolieu";11170
44.038213932,4.344343885;ZA DE QUEYOL;30700
43.270336816,2.934936727;ZI DE TRUILHAS;11590
43.284953259,2.812555363;RD5 RD5 RD5;11120
43.271358589,2.510108547;Fontanille le haut;11800
43.937626385,4.656381874;113 route d'Estezargues;30390
43.898340919,4.225775108;"ANDRE Aurélien
Mas de la Baraque";30730
43.49870426,2.950043462;2 avenue des mimosas;34360
43.299475662,2.062974252;1 Les Peries;11400
43.673984048,0.807474875;ROUTE DE MAUVEZIN;32270
43.463290067,3.415988682;17 rue calquieres basses;34120
43.776034771,3.950339227;"La Bergerie
Route de Benovie";34160
43.794379318,3.918964626;2, Chemin de Saint-Mathieu;34270
43.650511569,3.793954261;32 bis rue des perdreaux;34790
43.372928934,3.343122333;avenue d'agde;34290
43.177539691,2.836540512;22 Avenue des Auberges;11200
43.591715211,3.118012427;11 avenue des Treize Vents;34600
43.391754096,3.645303295;"PARC AQUATECHNIQUE
1 RUE DE COPENHAGUE";34200
43.918337479,3.997111173;47 Route De Sain Theodorit;30260
43.657805591,4.407426996;"CHEMIN D'ESPEYRAN       
MAS D'ESPEYRAN";30800
43.85034111,1.866612386;867 route de la brunerie basse;81600
43.414196926,3.306925606;101 GRAND RUE;34290
44.153814872,4.292379505;1 mas de la condamine;30580
42.410599118,2.065931157;RN116;66800
43.688923031,3.809875247;avenue du Clapas;34980
43.812967467,3.334377403;route du cimetière;34700
43.650409014,3.5035213880000002;29 COURS GREGOIRE;34725
43.392455396,3.400710702;Za La Crouzette;34630
43.28244228,-0.10640466100000001;16 route de Séron;65320
43.57832528,1.335058491;23625 Avenue Francois Verdier;31170
44.150362673,4.551555771;"Chemin du Pujol
DONNAT";30200
43.8319727,1.435539794;"Château CAZE
45 rue de la Négrette";31620
43.624109751,3.795734259;8 Rue Des Magnanarelles;34990
43.977704279,4.334601811;Chemin du Grès;30190
43.796373485,4.100102057;154 avenue des Cévennes;30250
43.347466978,3.230859725;cr 136;34500
43.33011498,2.6632184260000002;rue de la mairie;34210
43.468122358,3.091318538;Lieu-Dit Ricounels;34490
43.165034031,3.020200005;10 avenue du champ de mars atelier n°9;11100
43.494207907,3.723271944;mas de valez;34770
43.60846192,-0.09157296000000001;Château Bouscassé;32400
43.918337479,3.997111173;299 traverse de la paramèle;30260
43.569206252,3.183484732;route de Caussiniojouls, D 154;34600
43.442826523,3.373275285;Domaine Montrose;34120
44.195207001,4.579305349;Quartier Le Peyron;30200
43.533544566,3.925905368;59 Avenue de Saint Maurice;34250
43.105091278,2.497375532;81 Rue Du Levant;11220
44.055206704,4.641816189;7 rue du vernet;30290
42.568431313,2.95818133;chemin de taxo;66690
42.68492811,2.5109363829999998;Route de Marcevol;66320
42.815401378,2.61294475;Domaine Du Mas Amiel Domaine Du Mas Amiel Domaine Du Mas Amiel;66460
42.958549152,2.769716259;30 avenue des Hautes Corbières;11360
43.262771014,0.48914607;Lieu dit le claret, D929;65230
43.347466978,3.230859725;"Domaine de Galinenque 
1290 Ancienne route de Vendres";34500
43.351311868,3.102321113;10 rue des Tamaris;34370
43.613572792,5.306926325;CHEMIN DE BEAUPRE;13760
43.32556151,1.184674366;15 ROUTE DE CARBONNE;31390
42.980494691,2.74761188;Grand Rue;11360
42.85783321,2.79049003;81 rue marechal Joffre;66600
43.787883495,4.188906389;2300 route de St Etienne d'Escattes;30420
43.5449844,0.30260420800000004;LIEU DIT MATIOUET;32320
43.372367868,0.886030682;VC 18 LARRIOUAU;31230
43.734369424,4.191106098;9 place du jeu de ballon;30670
43.326033683,2.79277504;HAMEAU DE LA PRADE;34210
43.281126097,3.112383369;7 RUE DU SQUARE;34440
44.447636834,2.028472055;Zone industrielle;12260
43.505649142,3.010770251;Mr BACKHAUS 0 rue de l'église Hameau de Ceps;34460
43.249605454,2.366056227;DOMAINE DE BRAU;11620
43.967363293,4.27517859;Route de Dions, lieu dit les fournigons, serres agricoles;30190
42.720402404,2.6236771240000003;"Clot de l&#39;Oum, rte de Caladroy";66720
43.5101808,1.198806816;2392 rte de lamasquere;31470
43.61335437,3.8692640540000003;80 impasse Jasset;34070
42.454797801,2.108480918;5 avenue de Cerdagne;66800
42.796680046,2.822094634;Mas Cremat;66600
43.463290067,3.415988682;"Rue de la Confiserie Dumas
Parc d'activités Méridiane";34120
43.165034031,3.020200005;16 ROUTE DE LUNES;11100
43.347466978,3.230859725;2 boulevard Jean Bouin;34500
43.458159648,2.976816453;La Maurerie;34360
42.970091856,0.7575704480000001;Le Village;31160
43.542129033,3.390105629;16 boulevard Jules Ferry;34320
43.337696165,2.633094762;DOMAINE DE GOURGAZAUD;34210
43.518304172,3.264444507;23 Chemin Du Pétrole Canteperdrix;34320
43.347466978,3.230859725;21 RUE MARTIN LUTHER KING;34500
44.041566468,3.58678608;La Baumelle;30120
42.699215168,2.6899280560000003;Km 1 Route De Thuir;66170
44.072940359,1.2533436500000001;300 chemin de la Laque;82290
43.640292412,4.035800278;"ZA du Bosc
1bis rue de la Garrigue";34130
43.504757859,3.36766451;Domaine de Daurion;34720
44.027589849,3.676470867;Route De Valleraugue;30570
43.620987218,0.879692871;75 RUE NATIONAL;32200
43.684740378,3.928709476;Chemin de Transide et Cabrié;34820
43.596037953,1.4320949010000001;32, impasse Destarac;31400
42.696441301,2.898977872;10 rue de l'emporda;66000
44.023239127,3.926057985;Le Mazelet;30140
43.635198023,3.966850731;MAS DE CALAGE, Chemin de Calage;34130
43.776034771,3.950339227;ROUTE DE CARNAS;34160
43.347466978,3.230859725;2 rue des Poiriers;34500
42.454797801,2.108480918;8 Rue De L'église;66800
43.639492103,3.5739775099999997;Route d'Aniane;34150
44.255900707,3.925337491;Le Castanet Le Charbonnier;48160
43.828157602,4.557698025;33 ROUTE DE BELLEGARDE;30300
43.999630319,4.364829501;20 Chemin du Moulin, D982 Route d'Uzès;30700
43.307132984,0.133424246;125 Rue des Pyrenees;65350
43.429168764,3.578401617;Dne de Font-Mars, Rte de Marseillan;34140
42.731816612,2.131796976;Ch pichocanie;11140
43.48116613,3.217232819;37 avenue capitaine Bonnet;34480
43.323098827,1.960655389;"c/o Créaude
287 avenue Jean Fourastié";11400
43.625626772,4.305879996;Domaine Du Vistre Mas Du Vistre;30600
43.534573652,3.122249509;ROUTE D'AIGUES VIVES;34480
43.779737256,4.593839351;ile du pilet, route de fourques;30300
43.970429118,2.981290114;3 avenue de Lauras;12250
43.401924923,3.196989491;Chemin des tanes;34490
43.183414154,2.553460884;1 Rue de l'Artisanat;11700
43.247659024,3.058971335;16 Rue Beranger;11110
44.849128828,3.222127209;RECOULES;48200
43.214898429,3.175618889;DOMAINE DE LA NEGLY;11560
44.849128828,3.222127209;RECOULES;48200
43.201263792,2.204570916;15 IMPASSE LES GRAVES;11290
43.504757859,3.36766451;Domaine Chartreuse de Mougères;34720
43.214898429,3.175618889;Château d'Anglès;11560
44.263884545,1.127416159;Maison du Macaron de Lauzerte, 9 Route de Moissac;82110
43.812967467,3.334377403;Rue de la Mairie;34700
44.849128828,3.222127209;RECOULES;48200
42.614871867,2.430684568;Bureau Montagne Elevage;66500
43.710446561,3.898270391;975 ROUTE DE ST VINCENT;34820
42.895862273,2.966127513;19 avenue des corbieres;11510
43.637724723,3.912419233;3 rue du Dauphine;34170
44.009320427,4.69279273;ROUTE DE LA COMMANDERIE;30126
42.753861373,3.008502245;3 rue du Roussillon;66440
43.463290067,3.415988682;route de roujan;34120
43.717395514,0.9751624750000001;route de sarrant;32430
43.534573652,3.122249509;Le Coudougno;34480
43.20392759,2.8859489480000002;11 Le Cros;11200
44.102854344,4.663645549;105 Avenue du General DeGaulle;30290
42.767942954,2.707112915;AVENUE LOUIS VIGO;66310
44.009320427,4.69279273;Route des Vignobles;30126
44.73484341,1.376882168;Route de Salviac;46300
43.414196926,3.306925606;Mas de Peyrals;34290
43.540286834,3.702724923;4 rue du presbytère;34660
43.694085945,3.546427321;8 rue du Labadou;34150
43.330017422,3.317248454;3 RUE DES VIGNERONS;34420
43.309295818,3.48413177;43 quai Commandant Meric;34300
43.179962504,2.611831566;131 avenue des Corbières;11700
43.267903206,2.448968345;Château du Donjon;11600
43.844657847,4.3475910110000004;1505, chemin du Mas de ROULAN;30000
43.85209141,1.379226369;1605 C ROUTE DE TOULOUSE;31620
44.011626444,3.183654857;Parc d'activités Millau Larzac;12230
43.125671629,2.705226326;7 AVENUE DE LA PROMENADE;11200
43.65833008,4.242814281;28 chemin du Cailar;30740
44.881683696,1.550736013;540 CHEMIN DE LA CHAPELLE;46200
43.379729229,3.263406087;15 Rue Jules Ferry;34760
43.907052832,4.180646289;145 chemin du moulinas;30730
42.813576204,2.719362559;Route Des Mas;66720
43.441398131,2.963203182;16 route de Cazedarnes;34360
44.566840983,2.252858996;Zone Industrielle;12300
44.398112232,3.634349413;Les Badieux;48400
43.914649603,4.423148901;rue du nord;30320
43.157661251,1.3729059380000002;Domaine de Monginaut;09130
43.710446561,3.898270391;Mas de Périé, Route de Sainte Croix;34820
43.309295818,3.48413177;43 quai Commandant Meric;34300
43.684917352,1.537431465;Siège sociale : 4 route de Beaupuy;31180
42.806938895,2.047896069;1, rue barry d'Amount;11140
43.251233398,2.313909085;8 LES ALBARELS;11610
44.232726865,2.738231632;Moulin de Galat;12290
43.321894366,3.048051142;DOMAINE DE GUERY;34310
43.44813198,3.749580097;Avenue De La Gardiole Chemin De Poussan;34110
43.15494415,0.49224967500000005;"445 Ch de la cassoulade quartier les marris
quartier les marris";31580
43.893006938,1.990686447;ZA La Bouissounade;81150
43.400156265,2.817671141;Cave coopérative de Saint-Jean de Minervois;34360
44.76089486,2.577024165;Le bourg;12600
43.938196557,3.399931578;Licide;30770
43.673995909,3.478702552;10 rue la font du loup;34725
43.914649603,4.423148901;487 rue belle grappe;30320
43.44813198,3.749580097;chemin de poussan;34110
43.639492103,3.5739775099999997;Domaine de Pélican;34150
44.399743419,2.103429528;Gares du Mauron;12350
43.758031305,2.001320812;51 cote Bouriette;81300
43.567190207,3.448321556;Route de Peret;34800
42.778933018000004,2.8768525250000003;153 Route Départementale 900;66600
42.958549152,2.769716259;15 Avenue Des Hautes Corbieres;11360
43.049972342,2.2391332520000002;7 Rue Farman Zi De Flassian;11300
43.695979509,3.387223961;Loiras du Bosc;34700
47.14659194,4.938547235;10 RUE LAVOISIER;21700
43.259476614,2.81685473;1 RUE DU VIALA;11200
43.097978233,2.092076593;La Garriguette;11240
43.187388933,3.089015254;Domaine Camplazens;11110
43.868066575,4.077152885;chemin de clastre;30260
44.340900597,1.032400926;LE BOUSQUET;82150
43.504757859,3.36766451;Route de Nizas;34720
43.167768811,2.685956005;LAS LANOS;11700
43.612734226,3.166249797;"Domaine de Pélissols
Chemin de Dio et Valquières";34600
44.140519279,4.212340604;"429 route des Amandiers
Mas Amouroux";30340
43.64698159,3.699675339;Chemin De La Tour;34570
43.397636911,3.099410108;26 B Av Jean Jaurès;34370
43.683376049,3.592224268;Route de Puechabon;34150
43.165034031,3.020200005;Route de Gruissan;11100
43.650511569,3.793954261;7 rue du pesbytere;34790
43.100302222,2.021496856;LE FAJOU;11240
43.717395514,0.9751624750000001;Le Site - Route de Sarrant;32430
43.400353074,3.539423681;68 avenue de Florensac;34810
44.054393388,2.648339749;LA SARRETTE;12430
43.000422992,1.129404844;Pont du Baup;09190
44.101736556,4.150962052;3 Route D'uzès;30340
43.372928934,3.343122333;Quartier d'entreprises de l'Europe;34290
43.694085945,3.546427321;n°1 Lieu dit La Navette;34150
43.663169698,3.9118784360000003;Espace Bocaud, zone la Plaine;34830
43.937626385,4.656381874;"Château des Coccinelles
6, Rue des Écoles";30390
43.285543796,1.920177148;15 chemin d en touzet;11400
43.251430843,2.110586669;Route De Limoux;11150
43.652900646,3.936336459;D67 - Chemin des Carteirades;34920
43.534573652,3.122249509;La Liquière;34480
43.200073763,2.8162759900000003;3 Rue de la Poste;11200
43.830303602,3.918486755;"98 chemin d'Aleyrac
Hameau de Lascours";34270
43.454424304,3.040666458;Route de Causse et Veyran;34460
43.639492103,3.5739775099999997;Mas de capdaniel;34150
42.895862273,2.966127513;8 rue de la Noria;11510
43.682149094,4.135918439;270 RUE THOMAS EDISON;34400
43.187388933,3.089015254;46 avenue de Narbonne;11110
43.844657847,4.3475910110000004;230 impasse de bonne brise;30900
43.684740378,3.928709476;27 chemin figaret;34820
43.367441052,2.787196738;vialanove;34210
43.391754096,3.645303295;8 quai Francois Maillol;34200
43.347960858,2.853529202;8 Rte De Saint Jean De Minervois Hameau De Cazelles;34210
43.507288206,4.166392411;CHEMIN DE TERRE NEUVE;30240
43.927351256,4.53884371;Moulin Cante Perdix, 1 chemin du Sablas;30210
43.11966211,-0.080332505;23 rte de peyrouse;65100
43.209415595,2.343422135;12B Chemin Vento Farino;11000
43.867649016,3.705463904;lieu-dit les Caizergues;34190
43.500033193,3.167412624;26 avenue de la liberté;34480
43.429168764,3.578401617;Mas Saint Laurent Montmeze;34140
44.566641147,2.58444043;18 Lotissement Le Pouget;12580
43.347466978,3.230859725;"INNOVOSUD
Rue Pierre Simon Marquis de Laplace";34500
43.385621713,3.463982673;Domaine de valensac - RD 28 -;34510
43.234659038,0.066150886;20 Place du Foirai;65000
43.999630319,4.364829501;2 chemin du moulin;30700
43.916636393,1.886317631;453 chemin St Sauveur;81600
43.687386718,1.266534074;15 chemin de la Mouline;31700
43.283738198,2.384290306;Chemin des Eclauzes;11600
43.204059124,2.762030341;12 rue Gustave Eiffel;11200
43.313579486,2.214380597;2, route d'Alzonne;11170
43.657805591,4.407426996;"MAS DE MADAME 
11951 RTE DES ISCLES
D 179";30800
43.694085945,3.546427321;route de Montpeyroux;34150
42.820703118,2.507417036;18 Avenue Jean Moulin;66220
43.039590728,2.981175918;44 Rue De La Republique;11130
43.323098827,1.960655389;287 avenue Frédéric Passy;11400
43.637724723,3.912419233;20 chemin de l'éclair;34170
43.994309352,4.178506857;59 rue de la plaine;30190
43.61335437,3.8692640540000003;350 Et 439 Avenue Du Marechal Leclerc;34070
43.234659038,0.066150886;27 avenue des Forges 65000 Tarbes;65000
44.777420174,3.640826446;chabestras;48600
42.988267242,1.284044986;la serre;09420
42.521708822,2.064998598;16 Impasse des Artigues;66210
44.022262753,1.364081417;1915 Route de Bordeaux;82000
43.657805591,4.407426996;Parc d'activité les Mourgues;30800
43.096002435,2.604200077;Hameau de villemagne;11220
44.022262753,1.364081417;1415 Boulevard de Chantilly;82000
43.179802436,1.414995621;Moulin de Beauregard;09130
43.875176536,4.591991121;Chemin de la tour;30490
43.229198627,2.612593645;23 RUE DE LA FORGE;11700
43.083395167,2.714037602;10 rue de fabrezan;11220
42.85783321,2.79049003;7, rue Maréchal Joffre;66600
43.360468419,3.547235186;9 Bis Impasse Des Consuls;34340
43.657805591,4.407426996;1001 Chemin Du Mas Saint Gens;30800
42.731816612,2.131796976;RUE PICHO CANIE;11140
44.026307825,3.382056588;Rue du Moulin;12230
44.125130044,4.088567807;1120 Avenue Des Frères Lumière;30100
43.966650556,4.374939814;Chemin de Mirambel;30700
42.696441301,2.898977872;"ANCIENNE ROUTE DE CANET 
MAS MIRAFLORS";66000
43.663822562,3.728419549;1067 route de Grabels;34570
42.639650639,2.945868614;Mas barthes Rte de saleilles;66200
43.900428053,3.759520177;Route De Montoulieu;34190
44.481589096,3.172225606;7chemin de cadenet;48340
43.940364055,0.6505389850000001;Place du Général de Gaulle;32700
43.911614281,4.560844711;"Route de Beaucaire, 
110, Chemin de la Soubeyranne";30210
44.009320427,4.69279273;"TRINQUEVEDEL
CHEMIN DES PRES";30126
43.53149473,3.54356087;Lafon de Lacan;34230
43.107212112,2.64037558;1 RUE DES FLEURS;11220
43.971678325,0.374286871;5 Avenue de la Gare;32100
43.049972342,2.2391332520000002;1 Avenue du Mauzac;11300
43.776034771,3.950339227;Chemin Des Pres;34160
43.657805591,4.407426996;"ZAC MITRA
RUE DU BREGUET";30800
43.507288206,4.166392411;"Avenue de Camargue
Les Floralies 2";30240
43.44813198,3.749580097;"2 ET 4 RUE DES SAUNIERS
ZIA DU BARNIER";34110
43.372928934,3.343122333;556 Avenue de Béziers;34290
43.030054245,2.669622022;2 chemin des Vignerons;11220
43.347960858,2.853529202;LES CROZES;34210
43.563533608,3.902143886;"La cereirede 
698 chemin du mas de merle";34970
43.391754096,3.645303295;Quai de la Consigne;34200
42.90627739,2.727780393;3 rue de la glacière;11350
43.522315551,3.199781498;14 Ancienne Route Nationale Domaine La Sarabande;34480
43.478651535,2.748611463;Les Vignes de la Coste;34220
43.51370039,3.418578643;D 124;34320
43.179962504,2.611831566;Chateau de Cabriac;11700
44.247900484,3.386842023;Hyelzas x village;48150
42.714957411,2.414181963;Hameau du Puigt;66730
43.578440131,3.348319133;20 Route de Fontes;34800
42.785864667,1.686835338;la bexane;09310
44.536923814,1.373295111;LE Pech Del Four;46150
43.096002435,2.604200077;Route de Saint Pierre;11220
42.958095461,1.5282541090000001;lieu dit bourtol;09000
44.107880383,2.062802423;LE BOUYALARD;81640
43.653262773,0.574851022;Agroparc 2 ZI du Mouliot;32000
44.255900707,3.925337491;FERME LE TOUR DU CASTANET;48160
43.61335437,3.8692640540000003;60 Avenue Saint Maurice Desauret;34000
43.166276897,2.268904766;Lieu dit Cointes;11290
43.165034031,3.020200005;25 avenue Elie SERMET;11100
43.683376049,3.592224268;Haute vallée du Gassac;34150
43.769683846,3.870115659;351 AVENUE LOUIS CANCEL;34270
43.165034031,3.020200005;Abbaye de Fontfroide;11100
43.533544566,3.925905368;Domaine de Maguelone;34250
43.347466978,3.230859725;1 Square Marcel Biscaye Bat B;34500
43.429168764,3.578401617;Mas du retour;34140
42.998769337,0.66847915;LE VILLAGE;31510
44.162820271,4.624648799;Chemin Romain;30200
42.662467385,2.986447836;15 Rue Victor Hugo;66570
43.474649421,3.510060528;39 av emmanuel arnaud;34530
43.954408803,1.316462679;10 IMPASSE DE NOUVEL;82710
43.479311302,3.273706654;7 B rue Fournier;34480
43.281461047,2.736764657;7 boulevard Gambetta;34210
42.615070563,2.460701109;Lloncet;66500
42.720402404,2.6236771240000003;LIEU DIT CALADROY;66720
43.505649142,3.010770251;hameau de Ceps;34460
43.049972342,2.2391332520000002;26 RUE GASTON PRAT;11300
42.644744561,2.588014418;Avenue Maréchal Joffre;66130
43.911614281,4.560844711;1600 Route De Beaucaire;30210
43.538890053,1.5215087440000001;629 rue Max Planck;31670
43.857252813,3.876855727;"149 Chemin des horts
Les Embruscalles";34270
44.077156646,4.598871276;208 Ancienne Route de Lyon;30330
43.201214771,2.681665141;1 rue de Madone;11700
43.359855292,0.11062888200000001;8 Cami dou Pleix;65140
43.534573652,3.122249509;ROUTE D'AIGUES VIVES;34480
43.921746235,4.192329837;32 CHEMIN DES LOUBATIERES;30730
43.61335437,3.8692640540000003;Zac Parc Eureka - 140 Rue Des Walkyries;34000
43.413368386,3.157422489;2 PLACE DU MONUMENT AUX MORTS;34490
42.672574488,2.748139676;Rond Point de Forca Real - 2 Impasse des Vergers;66170
43.347466978,3.230859725;13 rue de la lavande;34500
43.321894366,3.048051142;Domaine pain de sucre;34310
43.801874888,3.862306734;HAMEAU DE LANCYRE;34270
43.585562629,3.74964431;"MAS DE LA RIME
Chemin des Proses";34570
42.600462526,2.9714856210000002;41 boulevard d'archimede;66200
43.107212112,2.64037558;7 Rue de l'Orbieu;11220
43.711387769,3.502633707;6 Place De L'hopital Le Barry;34150
44.111358174,4.461429118;4 Impasse des charettes;30330
43.720240699,2.062082774;Enlauze;81440
43.985584781,3.953704953;Route de Canaules;30170
43.105348897,2.807191301;les clauses;11200
43.844657847,4.3475910110000004;202 Route De Beaucaire;30000
43.221078586,1.093274983;CHEMIN DE L OFFICIAOU;31220
43.883209782,4.173385699;mas d'espanet;30730
43.184499993,2.7161291480000003;Chateau du Vieux Parc;11200
43.465443792,1.996737712;Rue de la poterie;31250
42.851455162,2.609513352;15 CH DES METAIRIES DU DEVEZ;11350
43.876879865,1.010390596;ZA DE BORDEVIEILLE;82500
44.382525117,3.161193951;Route de Pertuzade;48500
43.568638492,3.779558168;4 rue Coppe Cambe;34570
44.291027584,2.843750868;LA ROUQUETTE;12290
43.142371748,2.202692168;DOMAINE DE GRANET;11300
43.61335437,3.8692640540000003;45 impasse Louis Fourestier;34090
42.696441301,2.898977872;zone st charles;66000
43.463290067,3.415988682;ROUTE DE CAUX;34120
43.281016843,2.2383141970000002;Hameau Caunettes Hautes;11170
43.735874835,1.465832056;15 Chemin de Rabaudis;31620
43.24787993,2.559438529;8 Bis Avenue De L'europe;11800
44.726230964,2.584212204;Seyrolles;12140
43.673995909,3.478702552;5, rue des capriers;34725
44.475949677,3.441068288;Route de Florac;48000
43.083395167,2.714037602;5 rue de la cave;11220
42.975332692,1.7620467190000002;Domaine de la Ville;09300
43.48116613,3.217232819;620 Chemin Du Pendut;34480
43.337696165,2.633094762;Chemin du Cavet;34210
44.078890988,4.744154504;22 rue du château;30150
43.792289996,4.39529662;Cd 135 Chemin Des Canaux;30132
43.966650556,4.374939814;"0
Route D UZES";30700
43.801874888,3.862306734;66 rue jacques Gaffinel;34270
43.69741404,2.688445658;Avenue du Montalet;81230
43.318222421,2.569015993;1 rue de sicard;11160
43.61335437,3.8692640540000003;494 RUE LEON BLUM;34000
43.657805591,4.407426996;Domaine De Perouse 3307 Route De Nimes;30800
43.612734226,3.166249797;84 Avenue Jean Jaures;34600
44.009320427,4.69279273;"775 ROUTE DE LA COMMANDERIE 
LE PALAI NORD";30126
43.107731501,2.237780649;La Coume;11300
43.995348494,4.265185353;28 route de Saint-Chaptes;30190
43.347466978,3.230859725;791 ancienne route de Bédarieux;34500
43.682149094,4.135918439;67 Rue Des Aires;34400
43.916636393,1.886317631;103 AV FOCH;81600
44.700089599,3.391378263;les roziers hauts;48700
43.281461047,2.736764657;6, rue Pierre Betorz;34210
43.612734226,3.166249797;84 avenue Jean Jaures;34600
43.351311868,3.102321113;580 CHEMIN DE QUARANTE;34370
43.744624814,0.6697858720000001;La Higuère;32390
43.463290067,3.415988682;3 rue Condorcet;34120
43.464856101,0.992528598;"lieu dit les Mouliots
route de St Loube";32130
42.915460884,0.770113932;11 A COURET SUD;31160
43.807757562,0.224971845;lieu-dit la bruche;32190
43.844657847,4.3475910110000004;17 boulevard Sergent Triaire;30000
43.204059124,2.762030341;7, rue des lauriers;11200
43.61335437,3.8692640540000003;486 rue du triolet;34090
43.429168764,3.578401617;Mourre blanc;34140
43.317205211,3.28983071;2 rue du Rec de la Reynarde;34420
43.518635131,0.410535486;Valentees;32300
43.875176536,4.591991121;LE CHATEAU;30490
43.421209287,2.931850471;Route de Sorteilho;34360
42.951858827,0.022877422;12 CHEMIN DU SAILHET;65400
43.598327941,3.483259105;"DOMAINE DE LA DOURBIE
Route d'Aspiran";34800
43.876879865,1.010390596;ZAC de Bordevieille;82500
42.669875609,2.824053857;Chemin du Mas de l'Arbre;66350
43.435599633,3.470732215;15 AVENUE DE PÉZENAS;34120
42.672574488,2.748139676;11 RUE DES GARDIOLES;66170
42.565402382,2.804985522;7 lotissement font vella;66300
43.730812428,3.65262282;"1, rue des Cigales
Cantagrils";34380
44.516515767,1.620379615;FARGUES;46330
42.965514216,2.994909594;Cabanes de La Palme Cabanes de La Palme Cabanes de La Palme bp 5;11480
43.505649142,3.010770251;ceps;34460
43.409231353,3.512672476;1 avenue du Picpoul;34850
43.214898429,3.175618889;24 bd du general de gaulle;11560
43.441398131,2.963203182;Hameau le PRIOU;34360
44.142616484,1.411426059;5 Route d'Ardus;82440
43.107731501,2.237780649;Domaine de Begude;11300
43.582729911,2.0169812560000002;LAVAL DU RAZET;81700
44.481561258,1.318520995;26, Allee Porte Vitre;46140
42.696441301,2.898977872;25 Rue René Clément;66000
43.657805591,4.407426996;CHATEAU DE LA PINEDE;30800
42.513007685,3.072648992;5 Rue Du Grenache Bp 39;66190
43.61335437,3.8692640540000003;1744 Avenue Albert Einstein;34000
43.229198627,2.612593645;21 rue de la Tramontane;11700
43.385621713,3.463982673;5 avenue des vendanges;34510
43.391754096,3.645303295;"29 pr Marty Cap St Louis 3B
SATHOAN";34200
44.010958132,0.549565866;le petit coutche;32480
44.193954111,2.5875771910000003;"343 rue des scieries 
ZA les cuns";12120
43.083395167,2.714037602;CHATEAU LES PALAIS;11220
43.397636911,3.099410108;43 avenue J Jaurès;34370
42.607759972,2.8890972660000003;61 Av Jean Jaurès;66670
43.414196926,3.306925606;Route d'Abeilhan;34290
44.27259516,4.102193333;111 Chemin du Vieux Village;30160
44.150362673,4.551555771;CADIGNAC;30200
42.749126766,2.9148361840000003;19 route de Perpignan;66380
43.209415595,2.343422135;Zone Industrielle La Bouriette 75 Rue Edouard Branly;11000
43.61335437,3.8692640540000003;"2 Place Pierre Viala
bâtiment 2 bureau 101";34000
43.347466978,3.230859725;1 avenue de Sérignan;34500
43.500566166,3.593696557;rd5 Abbaye de Valmagne Abbaye de Valmagne;34560
43.103602213,3.081876506;1 Route De L'ayrole;11430
43.569206252,3.183484732;Mas Olivier;34600
43.911614281,4.560844711;320, chemin des prés;30210
43.878858968,3.561093059;LE PUECH;30120
43.323098827,1.960655389;Rue Henri Becquerel - ZI D(En Tourre - BP 1155;11400
43.030054245,2.669622022;7 Rue de l'église;11220
43.601959029,2.687226642;Combres Bel Air   Route De Saint Pons;34330
43.370418528,3.15386867;42 RUE DES ANCIENS COMBATTANTS;34370
43.357093228,3.416018544;Domaine de Caillan;34550
43.872422276,3.940306336;route de montpellier;30260
43.226448341,2.831256142;29 Avenue De La Tintayne;11200
44.570885741,3.49236325;Za;48000
42.813576204,2.719362559;25 Avenue Jean Jaures;66720
43.976831532,4.794424924;76 RUE DE LA REPUBLIQUE;30400
43.463290067,3.415988682;15 Avenue Camille Guerin Bp 96;34120
43.709907333,3.430383047;les terres rouges;34700
43.776034771,3.950339227;"1, rue du roc
Hameau de Favas";34160
43.940895872,4.564758759;Le mourre de montaud;30210
43.970867617,2.7032018730000003;les armayrols;12480
43.083395167,2.714037602;1 la Coumelle;11220
43.635198023,3.966850731;1 CHEMIN DE LA POSTE;34130
43.385621713,3.463982673;PIOCH MARY;34510
43.347466978,3.230859725;traverse de Colombier;34500
43.751639943,4.49586055;Route de Redessan;30127
43.752077408,3.833622848;145, Chemin de Bassac;34270
43.779737256,4.593839351;48 Rue De La Redoute;30300
43.29282676,2.969777315;2 RUE LE PELLETIER DE ST FARGEAU;11590
44.194040726,3.918841351;poulassargues;48160
43.596037953,1.4320949010000001;51 avenue de l'URSS;31400
43.847688303,4.028462931;Chemin De La Tuilerie;30260
43.26879502,2.591239233;DOMAINE DES HOMS;11160
43.85034111,1.866612386;48 rue de la Guillemette;81600
43.728860555,3.9779214510000003;2250 Route De Teyran;34160
43.221245005,2.5050173840000003;Domaine Borie Neuve Domaine Borie Neuve Domaine Borie Neuve;11800
43.599472127,3.437541643;Le mas de Chantemerle;34800
42.82882668,1.565695969;LA GRANGETTE D'EN BAS;09400
43.046378946,2.179156685;10 Rue Du Mauzac;11300
43.507288206,4.166392411;Quai Colbert;30240
43.401924923,3.196989491;23 route de Béziers;34490
44.255804282,3.542939414;Solpérières;48400
43.219953502,0.927182617;"Route d&#39;Aurignac
Boulangerie";31420
44.041942612,4.085195319;305 chemin de camp Galhan;30720
42.90627739,2.727780393;impasse st roch;11350
42.568431313,2.95818133;CHEMIN D'ORTAFFA;66690
43.400156265,2.817671141;clos du gravillas;34360
44.055389135,4.692074427;448 RN 580;30126
44.222855488,2.446701163;LE POUGET;12160
43.321894366,3.048051142;chemin de riviere basse;34310
43.429168764,3.578401617;Le Mourre Blanc;34140
43.165034031,3.020200005;La Clape;11100
43.051882103,2.906373918;3 chemin de moncal;11490
43.232093177,2.03337815;DOMAINE DES MERCIERES;11150
43.779737256,4.593839351;1195 A chemin du Mas de La Tour;30300
43.284234248,1.626431706;10 rue du pradas;31560
43.370418528,3.15386867;Route De Villenouvette;34370
43.360468419,3.547235186;11 bis, rue des Artisans;34340
43.271358589,2.510108547;Le bas;11800
43.108699556,0.7810332130000001;12 chemin de loy;31800
43.284953259,2.812555363;29, rue Courbe;11120
43.175504776,2.787966445;"Château de Luc
1 rue du Château";11200
43.951030423,0.199901667;Château Lassalle Baqué;32250
43.967363293,4.27517859;DOMAINE DE LA TOUR;30190
44.73484341,1.376882168;ZA LA CROIX DE PIERRE;46300
43.051882103,2.906373918;Château de Lastours;11490
43.309295818,3.48413177;17 rue pierre paul Riquet;34300
43.796373485,4.100102057;154 AVENUE DES CEVENNES;30250
43.350887678,2.980628899;"1 Domaine de Pech Menel
D37E";34310
43.313064786,3.399143783;DOMAINE DE MEDEILHAN;34450
44.522369104,3.409146157;42, avenue de la Résistance;48000
44.560206281,2.06886736;ZI LES TAILLADES;12700
43.904355826,4.683236609;"3464 route de Montfrin
BP n°3";30390
43.911614281,4.560844711;"110 Chemin de Blancard
30 Hameau des oliviers";30210
43.574832497,3.398405448;"18
PLACE GEORGES CLEMENCEAU";34800
42.643080213,2.300009004;5 Rue du cadran solaire;66500
43.337696165,2.633094762;17 BIS ROUTE DES MOURGUES;34210
43.33011498,2.6632184260000002;DOMAINE LA ROUVIOLE;34210
43.337696165,2.633094762;9 avenue des Meulières;34210
44.013218996,4.416250746;42 Chemin Du Mas Des Tailles;30700
42.85783321,2.79049003;6 rue du stade;66600
42.820703118,2.507417036;3 ter rue de Lesquerde;66220
43.705254119,2.129971395;Lagardie;81440
44.27259516,4.102193333;quartier de la mairie;30160
43.236305522,3.107191819;Pech-Céleyran;11110
43.652900646,3.936336459;chemin des Mazes - RN 113;34920
43.937378305,3.954963212;9 chemin de Coutach;30610
43.429168764,3.578401617;45 Domaine Du Lac;34140
43.372928934,3.343122333;DOMAINE DE MONTMARIN;34290
43.725108324,3.606098072;2 chemin du bois;34150
44.499914023,1.157897056;277 route de l'Ecluse;46220
43.123058531,0.110928468;423 route de la gare;65200
43.479311302,3.273706654;35 Avenue De Magalas;34480
43.829215492,3.95070599;Mas de Figuier;34270
43.504757859,3.36766451;Chemin de la Mountade;34720
43.097978233,2.092076593;domaine de bordere;11240
43.999630319,4.364829501;Serre de la Cabane;30700
43.270336816,2.934936727;"27 quai d&#39;alsace";11590
43.635198023,3.966850731;chemin de la poste;34130
43.620987218,0.879692871;BD DU NORD;32200
43.897682598,1.781774687;"domaine de borie vieille
379 chemin toulze";81310
43.347888309,2.8253127510000002;Hameau de Cailhol;34210
43.181410076,2.924416979;165 RUE DU PECH REDON;11100
43.304459370000004,3.089373657;1 rue du Presbytère;34310
43.474649421,3.510060528;Domaine Saint Hilaire;34530
43.501009219,0.511779461;LIEU DIT LA CABERTE;32300
44.604417633,3.306962112;les pradels;48100
43.834280438,3.604851855;2 Rue Du Chateau Le Grimpadou;34380
43.332613524,2.51632941;za des courtals;11160
43.309295818,3.48413177;43 quai Commandant Meric;34300
43.409231353,3.512672476;Domaine De Petit Roubie;34850
43.015715358,0.601612613;rue saint Laurent;65370
43.769683846,3.870115659;1, Chemin de la Vieille;34270
43.165034031,3.020200005;Route du Massif de Fontfroide;11100
43.044623333,2.7928342610000003;1 Avenue Saint Victor;11360
43.682149094,4.135918439;177B Avenue Louis Lumiere;34400
43.210458792,2.549490506;32 avenue du Languedoc;11800
44.870397345,3.283808153;ROUVEYRET;48200
43.02051865,2.126242774;Domaine de LARMARTINE;11300
43.916636393,1.886317631;1495 route de Cordes;81600
43.504757859,3.36766451;"Mas Gabriel
9 avenue de Mougères";34720
43.844657847,4.3475910110000004;"Domaine de Villary
8938, route de Saint-Gilles";30000
43.090072325,2.949143672;CHATEAU DE L ILLE;11440
43.966531747,3.9983790260000003;"214 Chemin de l'Ancien Prieure
Mas de l'eglise";30610
43.28244228,-0.10640466100000001;1 cami de pasquine;65320
44.276766686,3.736218081;Les Felges;48400
43.214898429,3.175618889;10 Place du Languedoc;11560
42.720402404,2.6236771240000003;CHATEAU DE CALADROY;66720
44.03496649,4.242393939;370 Montée De Pissevin;30360
44.00940389,4.244370658;1 rue mistral;30190
42.614871867,2.430684568;11 rue des Courrioulettes;66500
43.87882603,0.260343198;Lieu dit Charpenties;32330
43.724450775,2.321799848;Ancienne Ecole-Les Fournials;81360
43.106221019,2.131705778;RD 623;11240
43.179287924,0.019579975000000003;Pyrène Aéropole;65290
43.468122358,3.091318538;BORIE LA VITARELE;34490
42.683900311,3.010904692;78 BOULEVARD TIXADOR;66140
42.677544713,2.795013918;916 route de Perpignan, Lieu dit Sainte Eugenie;66270
43.494207907,3.723271944;ZAE Saint Michel 3, Allée Gustave Eiffel;34770
42.606423197,2.820057575;Traverse de Thuir;66300
43.684740378,3.928709476;35 Rue Du Jeu De Mail Appartement B25;34820
43.096002435,2.604200077;DOMAINE CHATEAU DE PECHLATT;11220
43.103602213,3.081876506;19 Boulevard de La Corderie;11430
43.540031171,3.000384115;LE VILLAGE;34390
43.450522306,3.625995737;zone conchylicole Est;34140
43.657805591,4.407426996;372 Route De Montpellier Domaine Du Petit Saint Andre;30800
43.42362519,3.029153384;22 avenue de St Bauléry;34460
43.749532227,4.145907728;12B ROUTE DE CONGENIES;30250
43.68629534,0.006091905000000001;lieu dit A Thomas;32400
43.201263792,2.204570916;1 Avenue Des Vignerons;11290
42.699215168,2.6899280560000003;6 route de Corneila;66170
43.258164596,3.227078708;Domaine le Nouveau Monde;34350
43.309295818,3.48413177;Quai du commandant Méri;34300
43.096002435,2.604200077;Domaine de Mirailhes;11220
43.44813198,3.749580097;ZIA DU BARNIER;34110
43.265225733,2.174803002;LA PUJADE;11170
43.411168792,2.078144753;1 chemin d'en BOSC;81540
43.918713388,3.802090236;Route Departementale 108;34190
43.285543796,1.920177148;Domaine de Bordevieille;11400
43.953520502,3.852736818;Zam Tapis Vert;30170
43.877095689,4.554271156;"Route de Redessan
Pazac";30840
43.457899324,3.135240891;12, avenue Edouard Bonnafé;34490
43.980508531,4.015688361;CABRIERES;30610
44.588325071,3.254278276;Avenue de la Méridienne 3 impasse du géant;48100
43.655916955,4.112473707;286 Route De St Nazaire;34400
43.463290067,3.415988682;Ancien chemin de Caux;34120
43.347466978,3.230859725;10 RUE PAUL HEROULT;34500
42.643305566,2.758581736;AVENUE DES CORBIERES;66300
44.065708318,4.731038396;RTE DE ROQUEMAURE;30150
43.737033226,4.233354398;ZA LES COUDOURELLES-RN 113;30310
43.445420974,3.657595323;27 av mas du general;34140
43.492281954,3.438155894;2 Avenue Wladimir D'ormesson;34120
44.558072056,1.341121014;Terrie;46150
43.347960858,2.853529202;1 Place De La Vieille Porte;34210
43.179962504,2.611831566;36 avenue des corbieres;11700
43.179287924,0.019579975000000003;"ZONE PYRENE AEROPOLE
ROUTE DE LOURDES";65290
42.458957376,2.039379416;7 avenue des comptes de Cerdagne;66800
43.989412540000004,4.076377392;12 , route des cotes;30350
43.844657847,4.3475910110000004;ROUTE DE SAUVE;30900
43.507221197,1.354368386;5 Allée De Fraixinet;31120
43.457635463,3.299816331;30 avenue Georges Guynemer;34290
43.657805591,4.407426996;mas de la courbade;30800
43.640292412,4.035800278;Domaine de Moulines;34130
44.324799981,1.490913852;Garric Beau;46230
43.844657847,4.3475910110000004;1 chemin Mas de Campagne;30900
43.771235158,4.28343223;"Mme Couderc Céline
Mas Des Genêts Puech De La Roque";30620
43.661307259,3.469014257;171 Chemin de Labiras;34725
43.272987263,3.297134831;1 Chemin Rural N°27 Route De Vendres;34410
43.075584201,1.496439826;La Sestiere;09120
44.125130044,4.088567807;1675 chemin de trespeaux;30100
43.429168764,3.578401617;ROUTE DE MARSEILLAN;34140
44.026307825,3.382056588;2, Rue du Moulin;12230
44.605831588,2.881581238;Auriech;12470
44.022262753,1.364081417;621 CHEMIN DE BARTETE;82000
43.392455396,3.400710702;route de Valros;34630
43.702512268,3.466178554;"5
Avenue NOEL CALMEL";34725
43.751639943,4.49586055;"Chemin de Sautebraut
Domaine Sainte Marie des Costieres";30127
43.69352539,2.860553903;CANDOUBRE;81320
43.874648764,4.500537198;RN 86 chemin de labassan et Roule;30320
43.618049945,4.063879251;Complexe la Gastade;34130
42.53753015,2.094025364;2 CARRER DE LA QUILLANNE FERME DU RIALET;66210
42.679355887,2.945592766;ZA Mas Guerido;66330
43.779737256,4.593839351;1055,chemin MOURGUES DU GRES;30300
42.585848942,2.864649426;Rue des Artisans;66300
43.441398131,2.963203182;1 Chateau Du Prieure Des Mourgues;34360
43.566769432,3.5053351150000003;70 avenue Notre Dame de Rouviège;34230
43.72381651,4.359105675;RUE EMILE BILHAU;30510
43.157661251,1.3729059380000002;Ferme de Mallosseves;09130
43.500566166,3.593696557;"MAS ST FARRIOL
ROUTE DE LOUPIAN";34560
44.552035798,3.676554379;l'Altaret;48190
43.347466978,3.230859725;Miellerie Le Rucher De Montimas L'oustalet Chemin Rural N°68 Route De Bessan;34500
43.103602213,3.081876506;"21 rue de l'Hypocampe
Zone Artisanale des chalets";11430
44.147634516,3.685494398;Mas du Fesc;30940
43.429168764,3.578401617;14 CHEMIN DE LA ROUQUETTE;34140
42.619188972,2.494123595;cami del francalou;66320
43.119697355,0.726675112;16, Rue Olivier de Serres;31800
43.270336816,2.934936727;ZI DE TRUILHAS;11590
43.117655664,2.184346138;1 Boulevard du Chateau;11300
44.022262753,1.364081417;200 AVENUE DU PORTUGAL;82000
43.337696165,2.633094762;CHATEAU MARIS;34210
44.041721132,4.756730953;1 rue des vignerons;30150
42.696441301,2.898977872;"ZI St Charles
5 rue Lavavasseur";66000
43.735918122,4.264342477;"DOMAINE DE LA CADENETTE
CHEMIN DES CANAUX";30600
48.877115696,7.27100335;1 RUE DE LA DIVISION LECLERC;67290
44.82893527,2.704969728;Lieu dit Cussagols;12600
43.550667606,2.128962763;662 Chemin de Soulet;81580
43.661307259,3.469014257;15 avenue Marcellin Albert;34725
43.787778431,3.773953601;Chemin de la Liquière;34380
43.474649421,3.510060528;ROUTE DE GIGNAC;34530
43.695988705,4.3224648420000005;DOMAINE DE CALET;30640
43.807757562,0.224971845;RUE PRINCIPALE;32190
43.697370672,4.037666619;111 chemin des pierres;34160
43.179962504,2.611831566;126 avenue des Corbières;11700
43.468122358,3.091318538;Lieu-Dit Fonsalade;34490
43.37693475,3.046634915;28 RUE BEL AIR;34620
43.88383814,4.110119577;"165 Chemin du Mas de Reilhe
Mas de Reilhe";30260
43.435599633,3.470732215;32 avenue de Pezenas;34120
44.520921294,3.093516793;Noubloux;48340
43.82885322,1.496499902;1185 route des chateaux;31340
44.342670995,3.890622143;Clamens;48220
43.908161742,1.60921848;PEDELOUP;81630
43.347466978,3.230859725;Ancienne route de Bédarieux;34500
43.307330447,2.8299129130000003;Route de Bize;11120
43.596037953,1.4320949010000001;146 et 200 avenue des etats unis,MIN toulouse, boite 7, local 3 occitaflor;31200
43.937626385,4.656381874;431 ROUTE DE SIGNARGUES;30390
43.657805591,4.407426996;194 A Petit chemin d'Espeyran;30800
43.831736849,4.093843416;2600 domaine de guyot;30250
42.815401378,2.61294475;13 Rue Pierre Curie;66460
42.820703118,2.507417036;Chemin de Bayra;66220
43.281126097,3.112383369;route de Salles d'Aude;34440
44.011626444,3.183654857;Zone Artisanale Millau-Sud;12230
44.844612962,3.111661916;lieu dit chabriès;48310
43.347466978,3.230859725;2 avenue Joseph Lazare;34500
43.132962214,2.653550229;25 av de la Promenade;11200
43.831151987,3.881420005;Domaine du Mas de lOncle, Route de Montpellier;34270
43.446940785,3.690700903;1 RUE DU MONT SAINT CLAIR;34540
43.311337823,2.910488603;10 AVENUE PIERRE DE COUBERTIN;11120
43.379729229,3.263406087;2 Rue Theophile Gautier;34760
42.820703118,2.507417036;DOMAINE D ESPERET;66220
43.187559871,2.456950225;2 RUE DU MONT ALARIC;11800
43.209415595,2.343422135;Route de Saint Hilaire;11000
42.778933018000004,2.8768525250000003;2 rue De La Salanque;66600
44.487323953,3.532991088;Langlade;48000
44.662518421,2.148740694;près de la grange;46270
44.154185002,4.687991986;"LE SABLAS
896, CHEMIN DE FORCE MALE";30200
43.596037953,1.4320949010000001;10 rue Paule Raymondis;31200
44.354970391,4.018205792;Plaveysset;30450
43.201263792,2.204570916;Domaine de Corneille;11290
43.114061037,0.8698364380000001;21 DEP 817;31360
42.600462526,2.9714856210000002;42 Impasse Rovira Le Jardin Des Metiers D'art;66200
43.657457653,3.295728994;26 rue de la Vialle;34800
43.674670641,3.53273858;Chemin de Saint Etienne;34150
43.187388933,3.089015254;Route de Narbonne-Plage;11110
43.596037953,1.4320949010000001;Chez Audeo Experts, 272 Route de Launaguet;31200
44.267815146,2.925185379;Les Vialettes;12780
44.266281403,4.514023062;"1459 Rte Dép Nord
Lou Pas d'Estrech";30760
43.249605454,2.366056227;ZONE INDUSTRIELLE;11620
43.209415595,2.343422135;22 PLACE SAINT-GIMER;11000
43.474649421,3.510060528;L HORTEVIEILLE;34530
44.600689761,2.31056563;le courbies;12300
43.798514579,4.010515721;2, chemin des Verriers;34160
43.723861271,0.593345761;GRAND COMTE;32810
43.201263792,2.204570916;Chemin de la Malepere;11290
42.872905226,1.420836754;La Ferme de Souegnes;09320
43.05778681,1.206512236;Beret;09230
42.96127233,2.871147707;7 rue du parc;11360
43.323098827,1.960655389;11 Rue de Dunkerque;11400
42.639843299,2.910519202;1 Route De Theza;66180
43.550541316,4.184188614;MAS DES MARAIS ROUTE DU BOSQUET;30220
42.778933018000004,2.8768525250000003;"ZAE  Las Solades
11 avenue du Fenouil";66600
43.347466978,3.230859725;Route de Murviel;34500
43.516956532,3.8029795809999998;135 CHEMIN DE LA TIEULIER;34110
43.291254917,3.254059924;Route de Beziers;34410
42.778933018000004,2.8768525250000003;"13 avenue Alfred Sauvy
Mas de la Garrigue Nord";66600
43.996009175,4.213269295;rue du puits de descarses;30190
43.537982509,3.45846446;20, Rue des Pins;34230
43.214898429,3.175618889;Domaine De Mire L'etang  Route Des Vins;11560
43.221245005,2.5050173840000003;DOMAINE LA GRAVE 0 D 535;11800
43.657805591,4.407426996;"Chemin des Cassagnes
Route de Générac";30800
43.683376049,3.592224268;24 Avenue de Gignac;34150
43.40549152,2.988287853;9 rue Saint Baulery;34360
43.730812428,3.65262282;969, Chemin De Fontmejeane;34380
48.872724688,2.312557715;56 RUE GALILEE;75008
43.214898429,3.175618889;"Route de Saint Pierre La Mer
CR 438";11560
43.468846887,3.174801286;7 COURS JEAN MOULIN;34480
43.682683118,4.08415587;178 Z.A. du Roucagnier;34400
43.000422992,1.129404844;"ZI DU COUSERANS
LORP";09190
43.454562715,0.220551347;Au Château;32230
43.329764253,2.871298132;4 Hameau De Cabezac;11120
42.796680046,2.822094634;Chemin de Montpins;66600
44.035804337,4.299229636;378 avenue de l'Europe;30700
43.400156265,2.817671141;domaine de barroubio;34360
44.252882927,1.005459677;Les Lieux;82190
44.009320427,4.69279273;LE PALAI NORD;30126
43.076530566,1.164389223;"Le Cloumet
Hameau de Joulia";09230
43.918713388,3.802090236;"Lieu-dit Familongue
RD 108
34190 Montoulieu";34190
43.051882103,2.906373918;Domaine de Mattes;11490
43.20540778,2.459776321;19 rue des Jonquilles;11800
43.273886088,2.6567986340000003;10 AVENUE DES CATHARES;11700
43.341197687,0.41885302100000005;Peymarchand;32170
43.972634965,4.599829451;20 avenue Paul Blisson;30210
43.702512268,3.466178554;1 place saint roch;34725
43.697370672,4.037666619;CHEMIN DE LA LAUNE;34160
44.169138067,2.966579597;ZA DES CLAPASSOUS;12620
43.61335437,3.8692640540000003;629 avenue du Pr Emile Jeanbrau;34090
42.677544713,2.795013918;RD 37;66270
43.48116613,3.217232819;DOMAINE DU MOULIN DE LENE,;34480
43.49870426,2.950043462;1 AVENUE DES MIMOSAS;34360
43.844657847,4.3475910110000004;"Mas Petit
1742 route de Generac";30900
44.221728054,3.810382931;Le Village;48370
42.6327704,2.826257004;3 RUE DE LA TRAMONTANE;66300
43.329764253,2.871298132;23 Hameau de Cabezac;11120
43.801874888,3.862306734;Boisset;34270
43.669286067,3.863198375;107 chemin de la Jasse;34980
43.321894366,3.048051142;46 cours belfort;34310
43.421209287,2.931850471;Clos bagatelle;34360
43.360468419,3.547235186;Domaine de Bel Air;34340
43.929883935,2.5626869709999998;MIALET;12550
44.331104561,2.632862871;Parc d'activité d'Arsac - 54 allée Durand de Gros;12850
43.539913581,3.333113555;17 MONTEE DES REMPARTS;34320
43.625626772,4.305879996;Gallician;30600
44.022262753,1.364081417;2250 route de St Etienne de Tulmont;82000
43.463290067,3.415988682;32 rue Conti;34120
43.551948092,-0.056281524000000006;chemin de las techeneres;65700
43.14620318,2.798273389;16 ROUTE DE FERRALS;11200
42.980494691,2.74761188;1 CHEMIN DU COL DE LA SERRE;11360
43.103602213,3.081876506;Route Bleue;11430
43.474649421,3.510060528;15 bis rue du 11 Novembre 1918;34530
42.699215168,2.6899280560000003;Mas Saint Pierre;66170
42.622816853,2.951781414;3, rue du Chateau;66200
43.181410076,2.924416979;11 RUE DU VEYRET;11100
43.829215492,3.95070599;2 route du moulin à vent;34270
43.916636393,1.886317631;6 rue de bezelle;81600
43.584948574,3.802111823;5 rue de la prade- zi sud;34880
43.68869789,3.979726316;Domaine Saint Jean de l'Arbousier;34160
43.283673615,2.89663582;Domaine de l'Herbe Sainte;11120
43.728860555,3.9779214510000003;MAS D'ARCAY 1080 route de Beaulieu;34160
43.233026898,2.6773355199999997;Rue des Jardins;11700
42.94661747,1.962692549;1 campbigou;11230
44.030718773,4.682449953;110 CHEMIN DE LA FILATURE;30126
43.7939161,3.480888035;51 Grand Rue;34520
44.552035798,3.676554379;RANC Christophe;48190
43.831151987,3.881420005;80 IMPASSE PUECH CAMP;34270
43.000422992,1.129404844;Pont du Baup;09190
43.635350393,4.117454458;"591 CHEMIN DE LANSARGUES
LES BARLANDES";34400
43.363313924,2.721319851;Mayranne;34210
42.965514216,2.994909594;1 RUE DES CORBIERES;11480
43.177539691,2.836540512;Route de Narbonne;11200
42.513007685,3.072648992;Place Orphila;66190
43.657805591,4.407426996;367 Chemin De Mérieux Quartier Espeyran;30800
43.716783266,4.172101735;1 grand rue;30660
43.639492103,3.5739775099999997;Mas de Navas;34150
43.049972342,2.2391332520000002;3 CHEMIN DE RONDE;11300
43.597669415,1.553731069;15 route nationale 126;31130
43.694085945,3.546427321;866 route de gignac;34150
43.829215492,3.95070599;14 Chemin des Cammaous;34270
43.577674125,2.120123961;4 chemin de la métairie haute;81580
42.533927805,2.709189335;"pavillon n°1
11 rue de l Orme";66400
44.636401195,3.864965316;Route de Nimes;48250
43.446940785,3.690700903;30 RUE DES TRIMARANS;34540
43.397636911,3.099410108;20 rue Voltaire;34370
42.820703118,2.507417036;20 RUE PAUL DELMAS;66220
43.351311868,3.102321113;Avenue de l'Europe;34370
43.465443792,1.996737712;chemin de belloc;31250
44.000893315,3.823515613;"Lieu dit Les Fourniels 
Route de Colognac";30170
43.506571418,2.500876122;12 AVENUE DU BANQUET;81240
43.391754096,3.645303295;Siege Social 142 Grande Rue Haute;34200
44.312383435,4.34874559;1, Route Mas de Bonnaure;30430
43.474649421,3.510060528;1 Rd613;34530
44.414125303,1.968198617;Les Fargues;12260
43.857252813,3.876855727;Les Embruscalles;34270
43.360468419,3.547235186;Mas De Montpénèdre;34340
43.486303311,3.803940534;30, Chemin de la Poule d'eau;34110
44.824232266,0.23351117600000001;ZAE de l'Arbalestrier;33220
43.702512268,3.466178554;22 rue du Portail;34725
43.500566166,3.593696557;Domaine d'Hondrat;34560
43.624109751,3.795734259;Route De Laverune;34990
43.550033762,3.226550853;11 CHEMIN DE L'AIRE;34320
43.688923031,3.809875247;23 rue de la colline;34980
43.751639943,4.49586055;"clos des Boutes
Route de Jonquières";30127
43.532627075,3.6724658100000003;15 rue Gelibert;34560
44.178881723,2.514613022;Plaisance;12120
42.8427984,2.025744893;prats de dejoux;11340
42.85783321,2.79049003;44, rue Joffre;66600
43.44813198,3.749580097;50 CD Port de commerce de Frontignan;34110
43.214898429,3.175618889;3 Rue Jean Jaurès;11560
43.5101808,1.198806816;179 rue Rene Zago;31470
43.673995909,3.478702552;125 ROUTE DE ST ANDRE;34725
43.474649421,3.510060528;Mas du Novi, RD5,  route de Villeveyrac;34530
44.447636834,2.028472055;LE BOIS DE FUMAT;12260
43.68682806,3.842969964;425 AVENUE ST SAUVEUR DU PIN;34980
43.131173395,1.694136768;Marly;09100
43.636956425,4.08287962;2 Avenue Marius Ales;34130
43.132946244,0.964106949;las commères;31260
43.347466978,3.230859725;Vc 9 510 Traverse De Colombiers;34500
43.534573652,3.122249509;LA LIQUIERE;34480
42.963563233,2.2809531610000002;LA TUILERIE;11190
43.518304172,3.264444507;5 BIS CHEMIN DE LA RAUZIERE;34320
42.961693007,2.116074575;1, rue de la Matalino;11300
43.550541316,4.184188614;domaine du petit chaumont;30220
43.61335437,3.8692640540000003;371 avenue du marché gare;34070
43.416371321,0.364648955;monplaisir;32170
42.85783321,2.79049003;16, Rue de la Révolution;66600
43.203451366,1.763186341;Le Filhol;11420
43.626767388,4.148204568;"Le Peyron
Route de St Laurent d'Aigouze";34590
43.866862506,4.034861517;Route De Sommieres;30260
42.666163055,2.492752695;Place de la fontaine;66320
42.96532903,1.610242138;32 avenue Général de Gaulle;09000
43.634979706,2.329727371;8 av de la grande armée;81100
43.779737256,4.593839351;Mas d'Arahc;30300
44.224020687,4.631650272;260 chemin du romanet;30130
43.989412540000004,4.076377392;24 Mas Flavard;30350
43.391754096,3.645303295;Quai de la Consigne;34200
43.661952364,3.8865815340000003;BP 34;34830
44.014972736,4.088802688;27 Chemin du Bois;30350
43.672192358,3.778904511;Domaine De La Jasse;34980
43.055942341,2.092016241;domaine de soustrobe;11300
43.769683846,3.870115659;Domaine de Saint Agnès;34270
43.540286834,3.702724923;chemin dit de la bruyère;34660
43.37693475,3.046634915;7 Ter Route De Cazedarnes;34620
43.445420974,3.657595323;12 avenue Alfred Bouat;34140
43.465443792,1.996737712;Route de Castelnaudary;31250
44.470721966,1.355445379;La Prade;46140
43.429168764,3.578401617;LIEU DIT LA FELINE CD18;34140
43.165034031,3.020200005;16 rue JACQUARD;11100
43.429168764,3.578401617;6 imp l'Embatut;34140
43.593159424,4.004657532;Cd 112 Route De Vendargues;34130
42.534888566,2.319375252;le village;66360
44.051225887,4.13452121;ZA Mas David, Chemin du cimetière;30360
43.13551166,2.160753107;chemin de moscou;11300
42.705317875,2.764567484;Mas averos;66370
43.559835792,2.470742549;Le Village;81240
44.055389135,4.692074427;5 Impasse Du Château D'eau;30126
43.049972342,2.2391332520000002;1 Domaine De Flassian;11300
43.355986306,2.21784948;La Lèbre;11310
43.625626772,4.305879996;Mas Des Clairettes;30600
43.569069825,3.707145303;6, Plan de la croix;34660
44.041721132,4.756730953;Bp 15 Chemin De Lirac;30150
43.657805591,4.407426996;Mas Saint-Benezet;30800
43.843081863,1.935564467;81 RD 964 GAMOT;81600
43.500566166,3.593696557;326 chemin du sauze;34560
43.775515905,4.082501166;2 RUE DE L'ARNEDE;30250
43.661307259,3.469014257;21 Bis Avenue Marcelin Albert;34725
42.782555947,2.373485962;Lieu dit Terre Forte;66220
43.309295818,3.48413177;"11-13 rue Pierre Paul Riquet
BOX 4
ZI des Sept Fonts";34300
43.69352539,2.860553903;Avenue de languedoc;81320
43.48552461,0.346264795;LORAN;32300
42.796680046,2.822094634;2 lieu dit las sedes;66600
44.006578476,2.030203197;55 chemin de la cardonnarie;81130
42.637486625,2.872869187;3 rue Ludovic Massé;66450
43.249815718,2.797007233;Château Tourril;11200
43.925846212,2.147453419;252 avenue Albert Thomas;81000
43.532627075,3.6724658100000003;777 CHEMIN DES ROMAINS;34560
43.494207907,3.723271944;Za La Clau;34770
43.445420974,3.657595323;Lieu Dit Le Bourdou Bp N°2;34140
43.030054245,2.669622022;6 Place Fontvieille;11220
43.569206252,3.183484732;2 rue droite;34600
42.820703118,2.507417036;4,Avenue Jean Moulin;66220
44.178881723,2.514613022;Plaisance;12120
43.610499377,3.5587164319999998;chemin du peyrou;34230
43.271358589,2.510108547;12 route d'Aigues Vives;11800
43.860658156,0.105575395;Laguille, Saint-Amand;32800
43.518304172,3.264444507;Route de Fouzilhon;34320
43.313064786,3.399143783;Route de Béziers;34450
42.628067275,1.8346360700000002;Place de la Mairie;09110
43.421209287,2.931850471;Lieu dit Bramefan;34360
43.500566166,3.593696557;25 ROUTE DE CLERMONT;34560
44.03496649,4.242393939;411 LE ROCAMP SUD;30360
42.745702722,2.805480492;13 ALLEE LA PART DES ANGES;66390
43.321894366,3.048051142;Domaine de Bel Air;34310
42.778933018000004,2.8768525250000003;4 rue Gauguin;66600
44.011943635,4.193111484;La Vessane;30360
43.429168764,3.578401617;Lieu dit les Amoutous;34140
43.291254917,3.254059924;CHEMIN DE LA VISTOULE;34410
43.03899812,2.160919898;9 impasse du Pla;11300
43.593159424,4.004657532;"MAS PIERRE BLANCHE
CHEMIN PEYRE BLANQUE";34130
43.02401843,1.079753911;"Lieu dit Niart d&#39;en Haut";09160
43.092885522,2.849081437;16 rue de l'Ancienne Poste;11200
43.328259414,3.113994021;Domaine du Bosc;34310
43.830126099,0.768637813;Au grand Sauzens;32380
43.584948574,3.802111823;Route de Juvignac;34880
43.505649142,3.010770251;62 Avenue Des Orangers;34460
43.64008152,3.36060211;LIAUSSON;34800
43.48116613,3.217232819;"domaine les affanies
domaine du rouge gorge";34480
43.828157602,4.557698025;351 route de comps;30300
43.672192358,3.778904511;Mas de Fourques;34980
43.251233398,2.313909085;Domaine de paretlongue;11610
43.457635463,3.299816331;"DOMAINE SAINT-GEORGES D'IBRY
DIRECTION COULOBRES";34290
43.688923031,3.809875247;218 RUE DE LA SYRAH;34980
43.658755427,2.143677411;Maribal;81440
43.709907333,3.430383047;Route Du Viala Les Condamines;34700
43.971678325,0.374286871;Quartier de madiran;32100
43.01540378,1.175617877;Belloc;09200
43.221078586,1.093274983;308 CHEMIN DES VIGNES;31220
43.076530566,1.164389223;Les Peyroutets;09230
43.125022443,2.283107691;Château de Gaure;11250
42.683900311,3.010904692;"Mas de Rey
Route de Saint Nazaire";66140
43.577640419,3.6174261149999998;Château Bas d'Aumelas;34230
43.672990149,2.277411043;25 Chemin de Ratier;81210
43.445420974,3.657595323;avenue Tudesq;34140
43.337696165,2.633094762;3 rue de l ecole;34210
43.333927405,2.313857209;domaine du froumental;11600
43.711019274,3.876393025;1 place saint vincent;34730
43.37693475,3.046634915;DOMAINE DE MALLEMORT;34620
43.85034111,1.866612386;chemin de Vindrac;81600
43.082794742,2.2550346770000003;DOMAINE DE FOURN;11300
43.507288206,4.166392411;Camargue & Traditions Bis Cc2000 Av. Jean Lasserre Port Camargue;30240
42.622816853,2.951781414;3 Rue Du Chateau;66200
43.635198023,3.966850731;Chemin de la Languedocienne;34130
43.168840093,2.431628191;Chemin de la Madone;11800
43.796984757,1.585977281;2207 CHEMIN DES MARCAIS;31660
43.925846212,2.147453419;Route de cordes;81000
43.616806697,3.7739957420000003;2 Rue Des Carrieres Zae Du Mijoulan;34680
44.902324943,-0.501307911;4 rue du Carbouney;33560
43.714414833,4.117441752;Route de Sommieres;34400
43.347466978,3.230859725;24,av. Jean Foucault, Parc Europole, PAE Le Capiscol;34500
44.470721966,1.355445379;RUE DES TONNELIERS;46140
42.932875499,2.245259466;ROUTE DE COUIZA;11190
43.592034935,3.409032498;Lieu dit Bellefontaine;34800
43.413368386,3.157422489;CHEMIN DE LA PLAINE;34490
43.08930617,2.783337716;Domaine de Saint-Estève;11200
43.877095689,4.554271156;"Rte de redessan
Domaine Galus";30840
43.409231353,3.512672476;8 rue des hauts de pinet;34850
42.607759972,2.8890972660000003;Les Mates;66670
43.738887316,0.557087346;263 Chemin de Nasque Le Cousteau;32360
43.516956532,3.8029795809999998;ROUTE DEPARTEMENTALE 612;34110
43.370418528,3.15386867;CHEMIN DE TERRE BLANCHE;34370
42.606423197,2.820057575;30 qu st madeleine;66300
43.429168764,3.578401617;CD 18;34140
43.309295818,3.48413177;43 quai Commandant Meric;34300
43.463290067,3.415988682;Route de Roujan;34120
44.30255311,4.160581509;R.D. 304;30500
43.069224614,1.34938518;LD PRADALS;09290
43.775515905,4.082501166;1531 route d'Aubais;30250
43.658511399,4.010394149;noyer de matte;34670
43.914649603,4.423148901;route de mandre;30320
43.663822562,3.728419549;450 Chemin Le Mas Castel;34570
43.323839061,2.745510698;Domaine du Pech d'André;34210
43.570885537,4.242706007;LA JASSE BRULÉE - CHEMIN DE BORDES;30220
43.347960858,2.853529202;LES CROZES;34210
44.232726865,2.738231632;le fraysse;12290
44.260329292,1.928786896;LE CUZOUL;82160
42.600462526,2.9714856210000002;17 av de la révolution française;66200
44.481589096,3.172225606;7 RUE DES TIOULAS;48340
43.563533608,3.902143886;"19 chemin de la deuxième écluse
La rauze basse
La Cereirede";34970
43.568191913,3.2417772400000002;Route De Gabian Le Village;34320
42.820703118,2.507417036;14 avenue du 16 Aout 1944;66220
44.165693052,4.496723665;"Domaine Chanoine Rambert 
La Bégude
Départementale 143";30330
43.91563426,1.9705282720000001;LES THERONDELS;81600
42.899577824,3.025947838;Chai La Prade;11370
44.895123006,2.74183731;ZA, route de Laussac;12600
43.411703503,2.438509822;2 impasse de la Ferrache;11380
43.988583913,3.732217623;Hameau de Pinauch;30440
43.323098827,1.960655389;2 Ave Frédéric Mistral;11400
43.716783266,4.172101735;"10 avenue de la Fontanisse
ZAC Pôle Actif";30660
42.715136713,2.846241691;4 rue des tamarins;66240
43.458159648,2.976816453;Le Village;34360
42.778933018000004,2.8768525250000003;23 Avenue Alfred Sauvy;66600
43.37693475,3.046634915;"Domaine de Milhau
Route de Cazedarnes
Km 3";34620
42.662467385,2.986447836;Chemin de la fosseille;66570
43.884627312,2.456410362;ZA DU DOLMEN;81250
43.328259414,3.113994021;Chemin De Soustres;34310
43.51370039,3.418578643;Domaine le Clot de Malibran;34320
43.500033193,3.167412624;RUE DU STADE;34480
43.51047969,3.309504322;48 avenue de Pezenas;34320
43.569206252,3.183484732;Mas Olivier;34600
43.634176826,3.412911953;Les Bories;34800
43.234659038,0.066150886;59 route de Pau;65000
44.068486202,1.954457228;1 rue des Trinitaires;81170
43.463290067,3.415988682;route de Nizas;34120
42.696441301,2.898977872;42 Chemin Del Vives;66000
44.382525117,3.161193951;Longviala;48500
43.350887678,2.980628899;avenue de la gare;34310
43.442826523,3.373275285;Domaine de Roquessols;34120
43.247659024,3.058971335;Domaine Ricardelle de Lautrc;11110
42.714957411,2.414181963;hameau du puitg;66730
43.60911854,3.739490257;"Domaine de Saumarez
Chemin de Cathala";34570
44.194040726,3.918841351;Lacroix blanche;48160
44.573203814,2.174110821;ZA La Garenne;12300
43.61335437,3.8692640540000003;250 avenue de la pompignane;34000
43.779737256,4.593839351;Route de Fourques 1479 Chemin de Tavernel;30300
43.779737256,4.593839351;7 impasse du Filaire;30300
43.40024822,2.886676394;CARRIERA DE LA TEULIERA;34360
43.720601194,3.475014024;Rue du Château;34150
43.825669076,4.433844057;Route de Manduel;30230
43.271358589,2.510108547;DOMAINE TOUR BOISEE;11800
43.861310247,4.449320414;470 avenue Clément Ader;30320
44.267321588,4.299823411;633 Route De Barjac;30430
43.329764253,2.871298132;Domaine de Combebelle;11120
43.593159424,4.004657532;chemin du Cannebeth;34130
42.78749888,2.778069024;AVENUE DE L'AGLY;66600
43.500566166,3.593696557;34 Rue Sautaroch Zae Malpasset;34560
42.899577824,3.025947838;Zone cocnhylicole - mas 3;11370
43.092885522,2.849081437;3 Chemin de Montseret;11200
43.347466978,3.230859725;"Rebaut le bas
route de Maraussan RD 14";34500
43.457899324,3.135240891;"Terre des Dames
Route de Causses et Veyran";34490
43.550734683,2.582555705;Mayet - Jouglas;81260
43.14620318,2.798273389;Domaine St Louis;11200
43.435599633,3.470732215;Domaine de la Grangette 305 Chemin du Picpoul;34120
43.876879865,1.010390596;386 AV DE GASCOGNE;82500
43.61335437,3.8692640540000003;610 rue Alfred Nobel;34000
43.494125212,3.660587737;"2 Rue De l&#39;appel du 18 Juin";34560
43.602432075,3.048029808;"Lieu-Dit Les Arts
Chemin des Arts";34240
43.684740378,3.928709476;Chemin de Transide et Cabrié;34820
43.558859243,3.529844337;1 CHEMIN DE FON CAUDE;34230
43.657805591,4.407426996;Mas de la Roseraie;30800
43.275449514,2.282318337;1, La Ventaillole;11610
42.796680046,2.822094634;rd 117- km 7;66600
42.778933018000004,2.8768525250000003;4 rue Gauguin;66600
43.569206252,3.183484732;11 rue du Ponget;34600
43.474649421,3.510060528;DOMAINE ST MARTIN DE LA GARRIGUE;34530
43.347466978,3.230859725;Route De Narbonne Cv13;34500
43.877909745,2.551308994;81250 Miolles;81250
43.918713388,3.802090236;Mas de Pradine;34190
43.347466978,3.230859725;Route de Corneilhan D 154;34500
43.884627312,2.456410362;za le dolmen;81250
43.639492103,3.5739775099999997;3 zae le pont;34150
42.568431313,2.95818133;Chemin Du Mas Bédia;66690
43.204059124,2.762030341;15 Av. Frederic Mistral;11200
43.317205211,3.28983071;1B rue Louis Darde;34420
43.747691789,3.959411621;18 Rue de Montlaur;34160
42.908749648,2.059785844;campserdou 8 rue principale;11230
43.711387769,3.502633707;5 PLACE FRANCOIS VILLON;34150
43.842623402,0.242360756;LE CLOS DU PRESBYTERE;32330
44.593404602,2.264840963;ZA LA SOLE;12300
43.807058464,4.039019771;12, Le Plan;30250
43.468872961,3.33962295;3 rue de fraisse;34290
43.765838298,3.183335018;1 rue du plo;34650
42.621087149,2.054507893;6 Cami Del Couillet;66210
43.018171692,2.857688801;CHATEAU GLÉON MONTANIÉ;11360
43.317205211,3.28983071;domaine de Caylus;34420
43.695988705,4.3224648420000005;1455 route de Aubord;30640
43.271358589,2.510108547;Domaine du Siestou;11800
43.293673851,2.566296561;LE MOULIN;11160
43.142371748,2.202692168;Domaine de la Goutine;11300
44.011626444,3.183654857;Parc d'activité Millau Larzac;12230
43.657805591,4.407426996;2373 Chemin Des Loubes;30800
43.978480399,2.434206002;938 Chemin de Courbière;81340
43.370418528,3.15386867;112 Rue de Revel;34370
44.070336681,4.044108852;1195, route de Boisset;30140
42.568431313,2.95818133;"MAS CERQUELA
ROUTE D'ELNE";66690
43.51047969,3.309504322;5 Chemin de Pezenas;34320
43.42362519,3.029153384;39 AVENUE DES DEUX FONTAINES;34460
43.525810248,3.858234121;170 Boulevard du Chapitre;34750
44.481589096,3.172225606;RUE DU GENDARME MERLE;48340
43.350887678,2.980628899;Domaine de Saliès;34310
43.61335437,3.8692640540000003;2420 AVENUE DE TOULOUSE;34070
43.318222421,2.569015993;lieu dit chamans;11160
43.93125665,2.002874242;"Chemin de fonblanque
Al Couderc";81150
44.193531246,1.392744423;Lieu dit '' La Marche'';82220
43.85209141,1.379226369;740 Chemin de Caillol;31620
43.553938894,3.499355887;8 route Croix de Saint-Antoine;34230
43.205491567,3.095655283;Château de Marmorières;11110