product_id;discount_price;valid_until
11;3.72;2022-06-01T17:13:41+00:00
17;0.48;2022-04-21T15:22:12+00:00
21;1.29;2022-06-28T12:47:47+00:00
26;11.34;2022-10-08T17:25:19+00:00
39;9.3;2022-05-20T16:23:07+00:00
47;0.68;2022-06-07T13:06:27+00:00
49;2.84;2022-05-29T07:31:45+00:00
57;3.14;2022-11-22T23:03:30+00:00
58;4.01;2022-09-17T21:21:21+00:00
62;4.2;2022-05-03T12:26:21+00:00
63;2.3;2022-11-08T00:02:47+00:00
69;1.7;2022-07-06T05:29:35+00:00
77;1.76;2022-04-07T11:17:03+00:00
81;0.58;2022-06-10T01:44:44+00:00
104;0.52;2022-05-18T19:47:05+00:00
109;0.9;2022-08-07T02:54:14+00:00
112;0.61;2022-05-15T22:38:27+00:00
113;1.37;2022-11-20T22:19:12+00:00
116;2.77;2022-11-15T08:59:15+00:00
127;5.78;2022-07-26T06:25:13+00:00
140;3.12;2022-07-08T11:00:28+00:00
150;0.87;2022-06-28T11:01:01+00:00
154;8.84;2022-05-11T00:04:40+00:00
155;2.75;2022-04-25T17:21:19+00:00
157;0.5;2022-09-21T17:00:19+00:00
158;0.44;2022-08-14T09:22:02+00:00
162;1.76;2022-04-24T02:14:29+00:00
163;7.12;2022-04-19T01:35:53+00:00
179;0.61;2022-04-27T12:21:20+00:00
180;1.36;2022-09-14T08:48:47+00:00
183;2.88;2022-06-03T16:44:13+00:00
185;1.23;2022-04-20T23:49:49+00:00
188;0.64;2022-06-17T02:33:00+00:00
192;8.69;2022-09-27T17:40:00+00:00
197;2.18;2022-06-13T15:16:27+00:00
206;4.88;2022-11-08T03:08:24+00:00
208;4.12;2022-08-15T13:35:50+00:00
213;0.32;2022-10-22T12:38:30+00:00
220;2.76;2022-09-11T17:30:13+00:00
227;3.06;2022-04-22T08:42:42+00:00
228;0.51;2022-10-11T10:34:32+00:00
233;5.19;2022-10-08T07:02:30+00:00
240;1.72;2022-10-26T02:52:19+00:00
242;6.6;2022-08-02T01:06:55+00:00
247;1.71;2022-09-28T02:57:26+00:00
263;2.16;2022-11-29T15:45:25+00:00
265;1.54;2022-05-15T21:14:14+00:00
269;3.14;2022-06-22T12:21:45+00:00
281;2.78;2022-04-22T22:39:39+00:00
282;4.37;2022-06-05T11:53:06+00:00
287;2.09;2022-04-29T03:58:49+00:00
291;8.02;2022-05-20T11:42:58+00:00
294;1.25;2022-05-24T09:18:43+00:00
299;1.62;2022-05-09T06:48:19+00:00
300;2.7;2022-06-16T06:47:14+00:00
301;1.07;2022-08-22T01:11:37+00:00
303;1.45;2022-10-28T11:16:16+00:00
304;1.3;2022-08-04T21:41:40+00:00
306;2.46;2022-09-16T06:56:47+00:00
308;11.83;2022-06-13T20:06:44+00:00
316;2.07;2022-09-22T13:25:44+00:00
325;0.9;2022-08-09T22:22:07+00:00
327;6.32;2022-04-10T02:45:55+00:00
330;0.78;2022-08-13T06:14:37+00:00
345;1.11;2022-04-11T08:32:08+00:00
348;0.38;2022-07-15T12:23:53+00:00
350;3.96;2022-08-15T11:57:51+00:00
352;1.28;2022-07-15T19:56:37+00:00
353;1.38;2022-05-15T22:52:09+00:00
356;9.09;2022-05-02T10:23:25+00:00
357;0.48;2022-08-12T20:22:09+00:00
361;0.81;2022-10-23T17:56:56+00:00
392;2.32;2022-06-25T13:12:57+00:00
393;4.13;2022-09-29T21:15:27+00:00
396;9.6;2022-05-13T18:01:44+00:00
404;0.84;2022-08-07T03:38:58+00:00
418;0.92;2022-08-25T17:41:18+00:00
422;6.58;2022-09-01T01:08:51+00:00
426;0.44;2022-11-19T22:18:00+00:00
427;0.84;2022-07-09T17:37:56+00:00
430;2.4;2022-06-13T14:39:30+00:00
434;2.85;2022-10-26T13:58:02+00:00
438;1.69;2022-07-19T18:03:48+00:00
442;1.91;2022-04-03T07:16:56+00:00
443;1.91;2022-11-26T07:42:50+00:00
445;3.59;2022-09-26T11:20:40+00:00
448;5.96;2022-09-17T19:39:04+00:00
462;1.58;2022-04-15T05:11:44+00:00
463;2.24;2022-07-20T01:26:23+00:00
464;1.29;2022-06-05T06:53:01+00:00
470;4.79;2022-07-10T15:36:09+00:00
472;10.72;2022-04-04T06:43:55+00:00
473;2.88;2022-11-03T20:19:04+00:00
476;8.7;2022-08-21T11:54:42+00:00
482;8.84;2022-04-14T09:36:50+00:00
484;2.19;2022-06-08T05:39:15+00:00
490;1.6;2022-05-08T03:05:46+00:00
495;6.83;2022-06-29T14:16:15+00:00
500;4.01;2022-07-31T18:10:59+00:00
505;1.21;2022-04-22T08:03:55+00:00
512;5.16;2022-09-11T03:48:22+00:00
515;1.15;2022-11-27T20:53:54+00:00
516;2.27;2022-08-15T20:39:15+00:00
517;2.8;2022-11-24T19:30:43+00:00
519;2.71;2022-08-29T00:36:23+00:00
520;1.3;2022-10-28T03:50:11+00:00
535;3.88;2022-07-19T04:22:41+00:00
536;1.17;2022-11-14T00:06:53+00:00
540;1.48;2022-10-14T12:55:46+00:00
541;1.9;2022-08-01T00:29:22+00:00
544;2.15;2022-09-15T01:45:58+00:00
547;1.34;2022-04-02T09:55:52+00:00
553;4.32;2022-11-02T23:08:10+00:00
557;1.2;2022-08-11T05:21:00+00:00
558;0.48;2022-06-10T17:56:03+00:00
562;3.77;2022-10-31T02:50:03+00:00
565;2.28;2022-11-16T12:44:01+00:00
567;4.97;2022-04-03T16:09:36+00:00
568;2.37;2022-06-29T11:05:03+00:00
571;0.66;2022-04-24T14:30:05+00:00
574;1.8;2022-04-04T04:58:50+00:00
576;4.86;2022-10-15T23:36:29+00:00
578;0.33;2022-07-23T11:35:12+00:00
581;3.64;2022-08-21T19:56:32+00:00
582;0.79;2022-11-29T14:43:27+00:00
586;1.19;2022-09-02T06:09:04+00:00
592;1.11;2022-09-18T14:05:21+00:00
597;0.47;2022-11-18T05:31:12+00:00
602;1.8;2022-10-18T05:39:10+00:00
603;0.23;2022-07-13T18:16:43+00:00
604;0.89;2022-07-30T00:18:22+00:00
605;0.27;2022-05-08T05:49:33+00:00
610;0.4;2022-11-29T07:11:44+00:00
612;0.87;2022-05-14T13:55:28+00:00
616;0.58;2022-09-17T12:24:09+00:00
619;1.1;2022-04-10T15:33:49+00:00
621;4.0;2022-10-15T09:12:24+00:00
623;0.72;2022-07-06T21:00:31+00:00
632;0.53;2022-10-19T12:57:14+00:00
637;3.73;2022-08-06T17:37:34+00:00
641;1.71;2022-10-01T14:54:46+00:00
644;5.5;2022-05-13T09:31:10+00:00
645;5.58;2022-05-20T05:22:29+00:00
648;0.32;2022-07-16T20:03:16+00:00
649;0.51;2022-11-05T17:29:06+00:00
651;0.84;2022-12-01T21:14:53+00:00
655;4.49;2022-11-24T19:44:38+00:00
656;6.62;2022-06-24T10:45:13+00:00
662;1.18;2022-11-09T07:42:52+00:00
664;5.28;2022-10-16T22:38:39+00:00
665;0.46;2022-08-10T21:01:51+00:00
672;0.96;2022-09-19T01:00:38+00:00
673;1.01;2022-10-31T21:46:42+00:00
675;3.05;2022-06-09T07:04:13+00:00
676;2.2;2022-08-21T20:26:04+00:00
678;7.96;2022-06-21T06:30:32+00:00
681;2.21;2022-05-10T23:28:40+00:00
683;2.3;2022-08-30T17:10:59+00:00
689;8.3;2022-10-06T18:07:19+00:00
691;1.14;2022-10-18T10:29:57+00:00
697;2.82;2022-06-07T13:29:22+00:00
707;0.34;2022-04-27T11:15:26+00:00
709;0.62;2022-11-01T11:39:21+00:00
718;0.92;2022-06-27T17:57:20+00:00
723;1.84;2022-06-21T16:20:06+00:00
727;7.95;2022-10-18T11:21:08+00:00
735;5.34;2022-11-01T01:20:33+00:00
736;6.3;2022-06-11T21:28:57+00:00
738;0.6;2022-11-24T21:54:40+00:00
741;0.46;2022-08-03T15:01:50+00:00
753;0.47;2022-06-02T11:19:24+00:00
754;0.27;2022-04-23T18:18:15+00:00
774;10.1;2022-09-30T12:57:00+00:00
776;8.58;2022-11-19T07:44:47+00:00
777;0.42;2022-09-10T16:51:09+00:00
778;2.48;2022-06-30T07:02:35+00:00
781;0.95;2022-08-13T07:54:27+00:00
783;2.53;2022-10-25T06:14:43+00:00
784;0.91;2022-11-14T22:05:06+00:00
794;0.45;2022-07-20T21:26:25+00:00
804;6.32;2022-09-03T00:41:12+00:00
807;2.53;2022-08-15T17:26:24+00:00
810;1.29;2022-05-21T22:57:08+00:00
814;2.16;2022-07-16T10:46:14+00:00
815;0.62;2022-04-14T16:36:58+00:00
820;0.27;2022-04-04T18:00:20+00:00
825;1.37;2022-10-22T22:20:46+00:00
827;1.09;2022-09-17T09:43:43+00:00
839;2.73;2022-08-02T14:12:48+00:00
841;9.04;2022-07-28T06:31:44+00:00
842;5.03;2022-07-28T02:42:56+00:00
851;3.25;2022-10-26T07:37:33+00:00
853;1.32;2022-10-20T04:03:07+00:00
855;1.05;2022-07-17T15:26:41+00:00
857;6.23;2022-10-19T11:55:50+00:00
864;0.32;2022-08-21T01:24:18+00:00
870;5.97;2022-05-06T11:58:33+00:00
872;3.05;2022-11-21T11:20:21+00:00
876;5.48;2022-11-24T21:23:24+00:00
882;0.32;2022-06-20T20:49:03+00:00
890;0.32;2022-04-12T22:27:18+00:00
892;1.4;2022-04-04T13:14:52+00:00
897;0.46;2022-09-24T20:05:49+00:00
905;0.85;2022-11-02T12:49:58+00:00
911;0.36;2022-05-12T00:07:15+00:00
912;2.13;2022-05-05T15:14:12+00:00
914;1.4;2022-08-11T11:39:55+00:00
916;0.95;2022-06-10T22:53:47+00:00
918;0.38;2022-08-18T23:03:59+00:00
929;4.26;2022-05-26T07:07:52+00:00
931;0.37;2022-04-17T11:42:43+00:00
937;5.44;2022-10-19T03:45:40+00:00
941;2.37;2022-07-15T01:57:23+00:00
950;5.19;2022-07-07T19:45:41+00:00
956;0.68;2022-09-17T21:32:42+00:00
962;7.89;2022-06-21T01:19:25+00:00
968;7.58;2022-08-23T10:17:01+00:00
970;9.07;2022-05-09T19:56:29+00:00
972;1.49;2022-08-29T09:20:55+00:00
975;1.34;2022-05-12T08:22:57+00:00
978;2.62;2022-09-29T15:46:28+00:00
982;4.28;2022-05-09T05:18:29+00:00
985;1.7;2022-04-03T15:36:03+00:00
989;0.25;2022-11-04T23:32:28+00:00
990;0.42;2022-10-22T16:52:11+00:00
994;0.26;2022-04-09T04:24:46+00:00
995;3.23;2022-05-09T14:28:28+00:00
999;0.17;2022-07-29T16:35:59+00:00
1002;0.37;2022-08-13T08:08:59+00:00
1005;1.59;2022-09-30T01:36:44+00:00
1010;1.02;2022-09-05T23:46:25+00:00
1017;2.96;2022-11-26T11:27:43+00:00
1022;1.01;2022-05-24T11:06:48+00:00
1028;1.84;2022-11-04T11:32:17+00:00
1029;0.94;2022-07-01T00:39:00+00:00
1031;1.17;2022-09-04T13:50:48+00:00
1032;1.46;2022-11-23T12:45:48+00:00
1044;1.92;2022-09-12T08:04:12+00:00
1054;1.79;2022-11-02T03:43:39+00:00
1055;0.89;2022-11-06T20:45:58+00:00
1067;1.52;2022-08-04T02:15:13+00:00
1069;1.34;2022-05-01T09:02:50+00:00
1075;3.37;2022-06-07T02:17:57+00:00
1077;4.71;2022-08-22T03:11:37+00:00
1088;6.33;2022-11-20T22:11:25+00:00
1090;0.98;2022-05-15T13:55:27+00:00
1101;3.47;2022-10-12T04:38:08+00:00
1103;0.37;2022-08-12T19:15:14+00:00
1109;0.98;2022-11-12T10:49:08+00:00
1124;1.75;2022-07-28T20:36:35+00:00
1128;8.94;2022-09-16T21:12:03+00:00
1130;0.96;2022-10-20T15:45:34+00:00
1132;0.32;2022-08-14T20:44:43+00:00
1137;1.16;2022-06-03T13:57:39+00:00
1148;0.96;2022-07-01T21:20:41+00:00
1151;2.18;2022-10-29T23:56:30+00:00
1169;7.93;2022-10-09T20:53:13+00:00
1176;0.2;2022-06-08T07:29:43+00:00
1190;3.13;2022-07-23T06:16:03+00:00
1199;0.85;2022-04-27T17:36:40+00:00
1203;6.73;2022-09-01T16:23:22+00:00
1204;9.03;2022-06-22T11:14:01+00:00
1213;3.25;2022-11-09T10:15:37+00:00
1215;5.38;2022-10-26T10:46:07+00:00
1220;2.48;2022-10-23T17:53:40+00:00
1221;6.84;2022-05-19T01:05:44+00:00
1226;1.01;2022-10-04T04:45:29+00:00
1228;0.87;2022-07-27T18:31:40+00:00
1239;4.61;2022-06-08T11:28:08+00:00
1253;3.16;2022-09-17T10:04:14+00:00
1266;0.71;2022-10-18T01:47:14+00:00
1273;7.32;2022-09-02T18:52:07+00:00
1290;3.08;2022-08-25T04:50:24+00:00
1295;13.11;2022-06-22T21:25:43+00:00
1311;4.85;2022-11-15T13:32:12+00:00
1314;7.24;2022-04-03T20:56:34+00:00
1336;0.56;2022-06-08T16:17:23+00:00
1339;7.07;2022-08-28T04:49:07+00:00
1342;3.34;2022-10-03T01:23:23+00:00
1345;5.28;2022-07-09T06:54:00+00:00
1348;6.72;2022-11-18T14:01:25+00:00
1352;1.81;2022-11-09T10:14:32+00:00
1358;8.01;2022-07-21T23:27:06+00:00
1376;7.32;2022-04-22T09:25:04+00:00
1379;2.34;2022-05-07T22:05:50+00:00
1382;7.68;2022-09-24T17:24:26+00:00
1384;3.29;2022-07-31T15:10:51+00:00
1398;4.52;2022-09-16T07:30:23+00:00
1403;5.58;2022-08-12T15:54:31+00:00
1406;10.96;2022-09-10T10:02:11+00:00
1412;4.86;2022-05-06T12:39:00+00:00
1415;9.54;2022-09-08T15:43:33+00:00
1423;1.13;2022-10-26T20:16:43+00:00
1424;1.45;2022-11-06T22:04:55+00:00
1426;6.38;2022-08-15T11:01:10+00:00
1429;1.96;2022-05-28T06:58:15+00:00
1434;6.16;2022-08-25T11:14:51+00:00
1435;11.21;2022-06-21T13:02:40+00:00
1437;6.65;2022-10-17T01:09:50+00:00
1439;2.95;2022-04-21T00:01:50+00:00
1449;9.85;2022-08-09T10:38:38+00:00
1454;7.08;2022-05-25T00:59:55+00:00
1455;6.82;2022-09-26T12:56:42+00:00
1464;4.85;2022-11-18T05:50:17+00:00
1467;6.21;2022-11-18T07:53:34+00:00
1470;2.57;2022-04-17T20:38:16+00:00
1492;7.71;2022-10-04T20:55:09+00:00
1493;13.22;2022-11-06T08:53:58+00:00
1495;6.0;2022-04-29T19:59:06+00:00
1502;1.47;2022-07-14T05:07:57+00:00
1505;11.22;2022-04-29T15:07:08+00:00
1510;2.11;2022-09-09T00:06:32+00:00
1522;6.86;2022-07-14T09:05:15+00:00
1525;7.66;2022-07-19T21:20:35+00:00
1530;0.7;2022-07-10T22:06:34+00:00
1531;1.35;2022-06-28T09:23:51+00:00
1533;9.37;2022-06-27T23:43:37+00:00
1539;3.47;2022-07-26T06:41:59+00:00
1544;3.02;2022-09-08T06:03:24+00:00
1548;1.56;2022-11-08T20:04:11+00:00
1556;4.7;2022-10-24T13:28:37+00:00
1562;1.65;2022-07-31T18:32:31+00:00
1564;7.84;2022-08-03T23:25:40+00:00
1572;9.96;2022-10-16T22:17:00+00:00
1585;3.84;2022-05-02T11:41:32+00:00
1593;2.69;2022-11-14T09:46:58+00:00
1596;2.52;2022-08-25T20:43:50+00:00
1600;6.14;2022-06-25T08:15:43+00:00
1604;2.93;2022-04-10T18:33:46+00:00
1619;5.37;2022-06-06T13:59:35+00:00
1646;2.6;2022-06-26T18:35:26+00:00
1656;2.68;2022-10-09T19:22:17+00:00
1659;2.96;2022-11-10T20:54:20+00:00
1662;9.73;2022-06-06T15:26:02+00:00
1675;2.31;2022-07-21T11:35:16+00:00
1680;3.41;2022-11-24T21:05:02+00:00
1686;2.6;2022-08-27T04:11:07+00:00
1691;7.85;2022-04-19T19:27:51+00:00
1693;1.97;2022-10-08T03:59:07+00:00
1700;2.42;2022-11-09T05:10:20+00:00
1706;6.21;2022-07-09T06:02:56+00:00
1708;4.69;2022-08-16T04:28:03+00:00
1709;3.06;2022-06-25T23:00:29+00:00
1710;9.34;2022-04-01T16:29:56+00:00
1712;2.3;2022-10-13T17:02:54+00:00
1727;7.76;2022-04-21T16:13:45+00:00
1758;4.48;2022-11-15T03:24:32+00:00
1765;1.65;2022-11-08T17:42:50+00:00
1777;10.54;2022-08-31T19:16:58+00:00
1782;3.44;2022-09-25T10:16:02+00:00
1788;3.31;2022-11-01T13:03:24+00:00
1790;12.32;2022-08-03T08:00:20+00:00
1792;1.94;2022-06-25T03:50:45+00:00
1794;7.05;2022-05-16T04:43:14+00:00
1800;2.48;2022-05-23T22:14:51+00:00
1802;6.8;2022-04-25T07:29:31+00:00
1806;2.58;2022-09-23T15:44:35+00:00
1819;2.74;2022-08-15T01:45:51+00:00
1820;6.09;2022-10-25T13:08:01+00:00
1823;2.54;2022-07-17T04:50:05+00:00
1827;2.41;2022-07-03T14:38:23+00:00
1828;1.38;2022-06-17T23:29:11+00:00
1830;1.03;2022-07-09T16:15:37+00:00
1832;5.71;2022-10-29T04:15:58+00:00
1835;1.64;2022-04-13T15:37:19+00:00
1836;4.8;2022-08-04T12:49:22+00:00
1837;9.95;2022-06-07T21:37:08+00:00
1845;7.08;2022-10-13T11:26:07+00:00
1847;1.46;2022-09-21T19:09:38+00:00
1850;1.71;2022-07-02T16:51:00+00:00
1851;2.52;2022-07-30T19:21:38+00:00
1853;6.36;2022-07-15T04:10:13+00:00
1854;1.95;2022-09-19T11:50:26+00:00
1856;7.64;2022-05-29T13:56:15+00:00
1860;3.94;2022-06-22T01:26:47+00:00
1871;10.89;2022-12-01T09:53:53+00:00
1872;1.45;2022-04-25T04:02:13+00:00
1875;10.74;2022-08-10T03:07:18+00:00
1879;8.24;2022-06-09T22:50:18+00:00
1881;10.03;2022-11-02T07:14:49+00:00
1890;0.71;2022-05-27T08:55:58+00:00
1891;3.29;2022-06-30T07:50:51+00:00
1895;2.5;2022-08-11T09:42:15+00:00
1898;5.82;2022-10-27T00:05:54+00:00
1906;6.36;2022-05-14T17:21:30+00:00
1912;5.21;2022-06-13T09:42:35+00:00
1916;5.52;2022-05-26T05:06:43+00:00
1922;2.56;2022-05-16T14:01:27+00:00
1927;4.57;2022-10-16T09:35:05+00:00
1933;0.82;2022-09-13T16:54:43+00:00
1943;2.5;2022-07-17T04:04:07+00:00
1948;7.25;2022-10-18T14:55:04+00:00
1957;2.02;2022-04-29T19:19:21+00:00
1964;2.74;2022-05-20T05:14:13+00:00
1965;13.58;2022-11-23T07:18:04+00:00
1967;0.72;2022-05-29T05:25:32+00:00
1968;3.25;2022-08-01T05:07:29+00:00
1970;1.57;2022-04-16T17:45:11+00:00
1980;3.5;2022-04-05T06:21:11+00:00
1984;3.56;2022-07-01T13:41:36+00:00
1990;12.14;2022-09-25T12:24:54+00:00
1995;2.0;2022-06-11T07:20:50+00:00
1997;8.93;2022-09-13T03:46:07+00:00
2014;2.86;2022-04-17T03:08:00+00:00
2015;1.38;2022-05-01T10:42:35+00:00
2018;12.75;2022-10-31T14:30:34+00:00
2022;3.28;2022-08-06T04:13:59+00:00
2031;9.95;2022-05-09T12:03:56+00:00
2033;9.35;2022-07-26T19:09:24+00:00
2041;5.54;2022-11-30T13:48:46+00:00
2045;9.33;2022-04-16T03:47:46+00:00
2054;1.58;2022-06-24T05:44:40+00:00
2063;3.46;2022-10-23T23:03:41+00:00
2071;10.01;2022-08-23T02:15:31+00:00
2090;0.53;2022-07-28T03:08:28+00:00
2104;14.03;2022-10-09T16:27:12+00:00
2108;2.33;2022-11-15T07:10:13+00:00
2112;3.45;2022-11-27T12:48:13+00:00
2113;1.53;2022-05-15T21:22:37+00:00
2117;12.54;2022-06-10T18:18:42+00:00
2121;0.75;2022-04-15T21:53:25+00:00
2131;14.14;2022-08-04T04:02:16+00:00
2132;4.93;2022-07-16T09:37:50+00:00
2139;7.91;2022-09-12T17:28:31+00:00
2155;1.82;2022-05-04T22:07:02+00:00
2160;3.48;2022-09-05T07:14:24+00:00
2169;1.99;2022-05-02T02:13:31+00:00
2174;5.48;2022-04-07T20:39:49+00:00
2186;2.49;2022-11-25T08:57:14+00:00
2192;5.43;2022-11-08T02:22:16+00:00
2193;2.46;2022-11-20T02:17:18+00:00
2199;8.59;2022-09-14T00:23:55+00:00
2201;7.32;2022-08-04T02:57:48+00:00
2202;3.24;2022-07-20T10:10:14+00:00
2204;8.87;2022-10-04T07:10:08+00:00
2207;0.92;2022-06-20T05:59:07+00:00
2208;2.97;2022-10-21T05:56:31+00:00
2216;1.56;2022-10-11T08:11:43+00:00
2219;3.33;2022-09-20T22:20:10+00:00
2221;13.28;2022-09-09T06:01:01+00:00
2239;13.31;2022-09-11T06:38:01+00:00
2251;8.1;2022-04-05T04:17:49+00:00
2255;1.32;2022-11-26T09:33:22+00:00
2257;3.0;2022-06-24T12:17:02+00:00
2258;2.4;2022-06-10T08:58:06+00:00
2272;6.08;2022-10-13T14:36:50+00:00
2279;5.3;2022-06-20T03:20:46+00:00
2280;2.96;2022-07-18T15:15:47+00:00
2281;6.9;2022-05-15T04:30:05+00:00
2288;8.43;2022-11-04T05:34:19+00:00
2289;4.15;2022-05-19T12:30:25+00:00
2290;3.77;2022-05-14T04:51:26+00:00
2300;8.35;2022-04-08T14:21:15+00:00
2306;2.86;2022-07-05T17:42:28+00:00
2310;7.51;2022-10-12T12:39:17+00:00
2312;4.01;2022-08-09T05:29:18+00:00
2315;4.84;2022-08-15T07:47:21+00:00
2339;2.18;2022-08-04T05:46:46+00:00
2342;2.84;2022-04-06T02:26:37+00:00
2348;4.22;2022-05-15T21:49:41+00:00
2351;2.0;2022-09-18T23:40:38+00:00
2354;3.44;2022-10-23T16:57:13+00:00
2355;3.48;2022-11-08T13:11:44+00:00
2358;8.22;2022-10-14T19:52:40+00:00
2365;8.27;2022-07-02T13:48:34+00:00
2377;9.98;2022-10-02T17:09:38+00:00
2380;1.87;2022-08-28T07:59:57+00:00
2386;14.31;2022-10-30T21:09:27+00:00
2393;2.21;2022-08-18T06:28:27+00:00
2394;2.81;2022-04-20T02:53:38+00:00
2397;6.48;2022-07-16T03:13:55+00:00
2403;13.82;2022-06-06T00:25:29+00:00
2410;5.85;2022-10-01T20:40:26+00:00
2411;0.63;2022-07-17T14:49:28+00:00
2412;6.85;2022-09-17T04:09:35+00:00
2421;0.96;2022-07-29T03:49:42+00:00
2427;2.1;2022-11-21T05:46:58+00:00
2437;6.68;2022-11-21T18:44:17+00:00
2439;9.7;2022-09-08T07:58:52+00:00
2442;1.88;2022-05-07T10:44:18+00:00
2444;3.73;2022-09-28T16:16:39+00:00
2457;2.22;2022-06-12T22:02:03+00:00
2459;2.89;2022-11-22T18:46:59+00:00
2463;11.99;2022-09-01T17:11:00+00:00
2469;8.12;2022-08-20T04:26:42+00:00
2471;3.56;2022-05-25T04:21:31+00:00
2472;1.64;2022-09-12T11:55:12+00:00
2476;7.71;2022-04-18T03:01:13+00:00
2479;1.33;2022-05-05T21:17:14+00:00
2482;4.2;2022-05-19T14:44:47+00:00
2487;6.12;2022-11-17T04:37:22+00:00
2491;3.16;2022-10-22T05:37:16+00:00
2493;5.05;2022-06-26T04:27:11+00:00
2502;3.59;2022-07-06T20:45:39+00:00
2508;13.12;2022-10-16T02:04:06+00:00
2514;7.86;2022-09-18T09:04:14+00:00
2515;3.46;2022-09-06T17:51:42+00:00
2517;2.93;2022-11-08T02:39:45+00:00
2519;8.01;2022-04-05T23:38:11+00:00
2526;1.5;2022-09-14T01:44:37+00:00
2535;3.06;2022-05-12T11:51:00+00:00
2536;8.58;2022-04-16T00:41:50+00:00
2537;0.88;2022-10-10T05:55:16+00:00
2552;10.76;2022-10-27T03:35:21+00:00
2562;3.7;2022-09-05T12:26:27+00:00
2564;3.25;2022-06-13T01:16:13+00:00
2568;8.58;2022-10-13T14:08:08+00:00
2571;5.88;2022-09-29T09:58:53+00:00
2577;2.68;2022-09-08T05:32:20+00:00
2583;9.51;2022-05-24T19:35:38+00:00
2584;0.69;2022-05-02T00:57:47+00:00
2586;1.11;2022-04-19T15:31:15+00:00
2589;3.62;2022-09-19T06:00:09+00:00
2590;3.13;2022-05-12T07:19:20+00:00
2591;1.79;2022-10-16T18:12:10+00:00
2600;0.3;2022-04-19T22:19:48+00:00
2601;0.84;2022-11-17T09:55:10+00:00
2604;10.44;2022-06-13T05:39:29+00:00
2608;0.33;2022-11-02T19:15:27+00:00
2609;0.61;2022-11-16T05:20:54+00:00
2610;1.84;2022-06-29T07:46:31+00:00
2611;2.0;2022-08-06T03:50:58+00:00
2616;0.72;2022-06-18T07:04:35+00:00
2618;2.56;2022-08-16T23:28:42+00:00
2621;2.55;2022-09-27T03:35:34+00:00
2622;0.51;2022-05-26T05:57:42+00:00
2634;0.42;2022-07-09T17:51:14+00:00
2637;1.9;2022-09-10T10:19:45+00:00
2644;1.49;2022-04-10T17:02:37+00:00
2646;1.27;2022-11-22T20:10:44+00:00
2654;2.04;2022-10-22T06:02:18+00:00
2656;4.1;2022-05-14T10:37:40+00:00
2664;1.22;2022-05-09T03:07:20+00:00
2667;3.46;2022-08-31T17:25:33+00:00
2670;5.3;2022-09-03T14:32:02+00:00
2671;2.86;2022-10-18T20:49:39+00:00
2673;3.11;2022-07-03T20:21:23+00:00
2674;1.01;2022-09-08T00:33:45+00:00
2679;3.24;2022-10-01T23:34:11+00:00
2680;2.27;2022-04-24T04:11:14+00:00
2685;1.22;2022-09-28T12:51:25+00:00
2689;0.53;2022-07-23T04:44:08+00:00
2691;3.95;2022-05-08T16:25:59+00:00
2693;0.74;2022-11-05T10:39:36+00:00
2697;2.43;2022-11-25T01:43:46+00:00
2701;0.83;2022-07-16T09:03:50+00:00
2702;0.23;2022-07-01T18:48:06+00:00
2704;0.4;2022-08-22T15:45:30+00:00
2707;0.57;2022-08-23T18:29:38+00:00
2709;1.32;2022-04-08T08:05:42+00:00
2723;7.63;2022-08-10T14:27:35+00:00
2735;1.55;2022-11-02T18:01:42+00:00
2737;2.71;2022-06-28T01:09:39+00:00
2740;1.54;2022-10-14T01:24:18+00:00
2741;0.44;2022-07-04T15:55:51+00:00
2750;1.55;2022-11-25T22:51:18+00:00
2752;1.88;2022-04-03T16:57:55+00:00
2765;2.0;2022-07-02T22:09:02+00:00
2767;1.91;2022-07-17T20:43:34+00:00
2770;0.74;2022-10-03T12:41:01+00:00
2771;2.56;2022-08-01T18:47:06+00:00
2776;1.07;2022-08-29T12:27:58+00:00
2778;0.85;2022-09-13T19:37:16+00:00
2780;2.54;2022-11-18T01:43:06+00:00
2789;4.89;2022-08-04T20:28:42+00:00
2796;2.06;2022-10-31T16:23:01+00:00
2797;0.68;2022-06-05T17:20:53+00:00
2804;5.07;2022-04-12T14:45:37+00:00
2807;1.05;2022-05-27T15:37:55+00:00
2813;2.44;2022-06-20T17:49:57+00:00
2820;2.41;2022-05-04T01:52:24+00:00
2831;8.2;2022-04-04T17:18:33+00:00
2836;4.9;2022-07-20T10:34:16+00:00
2838;0.68;2022-10-20T13:30:00+00:00
2842;1.94;2022-07-23T21:28:52+00:00
2846;4.63;2022-06-17T10:13:18+00:00
2851;0.78;2022-04-11T19:51:58+00:00
2853;1.29;2022-11-02T02:20:44+00:00
2855;2.25;2022-08-16T06:21:01+00:00
2865;0.68;2022-05-01T08:08:25+00:00
2870;0.61;2022-04-06T03:24:46+00:00
2871;2.07;2022-04-02T23:30:11+00:00
2877;4.53;2022-11-05T19:54:27+00:00
2880;0.64;2022-07-23T14:00:09+00:00
2881;1.24;2022-11-08T23:58:41+00:00
2885;1.33;2022-05-11T22:31:20+00:00
2888;4.03;2022-10-20T02:30:09+00:00
2890;0.39;2022-11-09T08:49:57+00:00
2906;1.75;2022-04-30T14:14:25+00:00
2911;5.99;2022-11-23T23:32:55+00:00
2914;1.32;2022-08-07T20:42:13+00:00
2915;0.9;2022-04-10T10:35:42+00:00
2920;0.88;2022-10-17T21:41:38+00:00
2924;1.7;2022-06-06T03:47:35+00:00
2925;1.33;2022-06-16T17:08:49+00:00
2929;0.43;2022-08-09T16:19:34+00:00
2934;3.52;2022-04-18T15:27:44+00:00
2935;0.21;2022-11-06T16:31:18+00:00
2937;0.33;2022-09-08T08:39:50+00:00
2939;1.75;2022-05-03T06:07:28+00:00
2951;0.41;2022-11-11T21:29:15+00:00
2952;0.66;2022-07-24T19:49:26+00:00
2953;1.47;2022-10-24T16:50:23+00:00
2959;1.54;2022-04-13T08:53:43+00:00
2966;10.86;2022-05-26T22:30:13+00:00
2967;1.95;2022-05-25T18:19:19+00:00
2974;3.18;2022-05-14T18:59:50+00:00
2975;5.03;2022-10-18T20:09:24+00:00
2986;6.62;2022-11-12T15:01:26+00:00
2990;2.93;2022-05-23T17:11:49+00:00
3002;11.29;2022-09-17T09:53:28+00:00
3014;3.16;2022-09-18T22:27:25+00:00
3016;10.4;2022-05-28T02:24:15+00:00
3017;5.23;2022-05-05T10:01:21+00:00
3023;3.17;2022-08-31T14:06:20+00:00
3033;2.96;2022-07-26T23:42:29+00:00
3040;2.15;2022-09-14T07:04:18+00:00
3044;2.5;2022-04-25T14:59:03+00:00
3051;9.66;2022-10-09T19:48:21+00:00
3057;9.92;2022-05-31T00:42:06+00:00
3059;4.93;2022-05-26T12:11:48+00:00
3063;10.68;2022-06-27T15:32:31+00:00
3069;3.35;2022-04-16T09:32:56+00:00
3070;6.78;2022-06-12T03:04:07+00:00
3080;11.92;2022-08-28T08:36:31+00:00
3081;7.03;2022-07-12T01:01:12+00:00
3084;1.76;2022-07-22T10:04:44+00:00
3092;2.11;2022-10-22T01:11:29+00:00
3099;3.03;2022-10-14T04:51:31+00:00
3105;6.78;2022-08-06T05:44:36+00:00
3106;7.21;2022-10-12T02:45:56+00:00
3117;5.42;2022-10-23T16:42:19+00:00
3122;0.74;2022-11-06T07:24:56+00:00
3127;14.19;2022-08-05T13:51:15+00:00
3131;3.03;2022-06-27T08:56:40+00:00
3138;10.69;2022-05-23T04:08:24+00:00
3148;1.8;2022-07-22T00:03:15+00:00
3153;0.96;2022-05-23T02:33:32+00:00
3159;2.05;2022-07-01T02:33:31+00:00
3161;1.84;2022-08-07T02:11:14+00:00
3164;9.05;2022-09-09T05:21:42+00:00
3167;5.1;2022-05-22T05:06:13+00:00
3169;2.04;2022-10-01T12:07:01+00:00
3176;0.48;2022-10-03T13:46:55+00:00
3180;0.55;2022-04-20T21:22:01+00:00
3189;1.12;2022-05-05T06:43:08+00:00
3192;1.12;2022-09-07T02:17:30+00:00
3198;1.98;2022-12-01T06:01:30+00:00
3206;1.29;2022-08-07T16:31:35+00:00
3208;1.17;2022-06-05T09:03:35+00:00
3209;0.17;2022-09-02T00:14:16+00:00
3213;1.78;2022-06-04T01:50:01+00:00
3224;1.68;2022-10-07T20:35:27+00:00
3230;5.9;2022-05-01T18:31:18+00:00
3241;0.74;2022-10-04T00:23:42+00:00
3243;1.49;2022-08-21T22:51:36+00:00
3244;0.24;2022-04-05T11:33:23+00:00
3254;2.59;2022-10-26T11:57:20+00:00
3259;4.75;2022-07-24T03:11:47+00:00
3260;3.6;2022-09-06T22:04:10+00:00
3261;0.38;2022-04-04T12:55:30+00:00
3262;1.5;2022-04-23T09:10:33+00:00
3265;1.87;2022-10-01T16:46:48+00:00
3268;2.6;2022-05-14T14:55:58+00:00
3273;3.24;2022-08-19T18:15:24+00:00
3280;3.75;2022-10-14T23:58:38+00:00
3304;0.23;2022-04-23T23:03:19+00:00
3314;0.75;2022-04-11T17:11:11+00:00
3315;0.98;2022-11-04T15:02:31+00:00
3317;5.04;2022-06-06T04:32:54+00:00
3320;2.77;2022-09-09T07:02:42+00:00
3321;2.94;2022-11-23T17:53:15+00:00
3329;0.62;2022-06-17T15:09:28+00:00
3337;5.66;2022-04-10T16:49:16+00:00
3338;10.01;2022-04-17T05:49:09+00:00
3346;7.74;2022-10-09T22:03:45+00:00
3347;4.18;2022-09-06T08:46:51+00:00
3352;5.98;2022-04-05T15:35:57+00:00
3358;1.99;2022-07-20T10:16:52+00:00
3365;2.73;2022-08-23T16:56:07+00:00
3367;9.53;2022-04-03T11:31:00+00:00
3369;0.8;2022-05-09T23:29:58+00:00
3370;2.95;2022-09-05T02:17:52+00:00
3372;9.62;2022-07-31T05:00:40+00:00
3374;0.63;2022-09-20T01:35:31+00:00
3380;0.89;2022-10-09T01:49:58+00:00
3390;9.92;2022-09-29T15:53:32+00:00
3391;2.89;2022-10-06T10:22:03+00:00
3395;2.1;2022-11-25T10:04:46+00:00
3396;1.26;2022-04-08T12:04:55+00:00
3404;1.38;2022-10-06T18:20:20+00:00
3408;0.75;2022-10-20T20:26:07+00:00
3414;1.01;2022-11-25T18:32:41+00:00
3417;3.36;2022-05-28T04:06:58+00:00
3418;5.45;2022-10-23T20:13:08+00:00
3422;0.6;2022-11-27T00:19:45+00:00
3424;4.04;2022-04-22T10:11:11+00:00
3433;4.21;2022-11-02T03:20:25+00:00
3444;1.0;2022-08-31T03:01:35+00:00
3454;1.99;2022-08-26T18:10:45+00:00
3456;2.57;2022-04-11T03:43:16+00:00
3458;0.42;2022-06-25T22:46:49+00:00
3477;0.57;2022-09-24T06:18:46+00:00
3483;2.36;2022-11-02T09:44:40+00:00
3490;1.75;2022-09-07T08:34:20+00:00
3493;0.74;2022-11-11T19:38:54+00:00
3499;0.37;2022-11-21T08:04:48+00:00
3503;0.58;2022-07-28T13:34:07+00:00
3504;1.4;2022-08-21T16:24:48+00:00
3505;0.98;2022-09-01T10:39:23+00:00
3508;0.42;2022-11-19T18:04:45+00:00
3516;3.79;2022-11-17T16:33:17+00:00
3521;0.42;2022-10-02T15:41:30+00:00
3526;6.38;2022-10-02T18:16:25+00:00
3528;2.33;2022-07-28T02:11:58+00:00
3536;2.78;2022-10-30T06:55:22+00:00
3541;4.54;2022-04-03T15:04:50+00:00
3545;0.47;2022-09-07T08:48:06+00:00
3550;11.97;2022-07-10T02:39:10+00:00
3553;5.5;2022-08-28T13:45:39+00:00
3561;4.57;2022-04-25T16:09:43+00:00
3563;5.21;2022-10-08T19:25:18+00:00
3571;2.6;2022-07-15T13:37:34+00:00
3573;5.96;2022-06-22T08:59:00+00:00
3578;1.95;2022-09-22T04:26:59+00:00
3587;3.8;2022-08-13T07:59:52+00:00
3590;11.47;2022-07-25T00:03:59+00:00
3591;1.44;2022-10-16T08:10:23+00:00
3596;1.07;2022-05-09T21:04:26+00:00
3599;2.38;2022-09-20T17:44:11+00:00
3600;3.77;2022-05-31T09:30:53+00:00
3603;1.82;2022-05-17T14:53:00+00:00
3606;2.35;2022-11-05T02:44:45+00:00
3614;0.44;2022-06-19T04:31:00+00:00
3616;10.37;2022-06-23T17:50:02+00:00
3626;0.93;2022-04-10T11:54:22+00:00
3627;1.88;2022-08-26T17:01:56+00:00
3634;11.22;2022-09-15T11:44:37+00:00
3646;1.84;2022-06-22T18:01:11+00:00
3653;1.24;2022-07-24T09:33:38+00:00
3655;1.95;2022-09-09T22:51:44+00:00
3656;2.74;2022-09-11T21:07:20+00:00
3659;0.35;2022-07-02T19:20:24+00:00
3664;11.54;2022-06-24T17:35:16+00:00
3674;2.24;2022-09-22T08:17:53+00:00
3676;2.7;2022-08-06T22:58:59+00:00
3677;1.27;2022-07-06T14:30:07+00:00
3678;1.56;2022-10-08T02:36:32+00:00
3681;8.12;2022-06-07T12:56:14+00:00
3685;0.94;2022-11-08T03:14:57+00:00
3694;1.47;2022-04-07T13:12:48+00:00
3696;6.21;2022-04-17T21:38:04+00:00
3701;4.74;2022-10-25T20:52:07+00:00
3706;1.06;2022-10-17T13:16:17+00:00
3708;1.45;2022-09-05T16:06:21+00:00
3715;3.8;2022-07-18T04:07:09+00:00
3716;6.28;2022-07-30T22:41:18+00:00
3718;0.71;2022-09-06T09:49:01+00:00
3736;1.45;2022-04-24T23:38:20+00:00
3744;1.75;2022-10-22T18:22:37+00:00
3759;0.94;2022-10-18T13:48:23+00:00
3760;0.84;2022-08-20T16:55:50+00:00
3775;0.21;2022-05-15T03:40:53+00:00
3776;0.64;2022-09-08T09:50:26+00:00
3778;1.01;2022-07-04T12:41:38+00:00
3780;0.74;2022-04-17T19:28:19+00:00
3782;1.56;2022-04-03T04:00:53+00:00
3783;1.48;2022-11-26T21:41:47+00:00
3788;2.79;2022-11-08T13:48:27+00:00
3790;0.78;2022-07-05T00:07:53+00:00
3795;0.97;2022-05-28T12:34:24+00:00
3796;1.36;2022-08-20T17:47:32+00:00
3801;0.45;2022-10-26T21:41:26+00:00
3803;0.14;2022-04-06T10:08:50+00:00
3816;1.02;2022-07-22T22:48:48+00:00
3823;0.51;2022-08-22T20:16:41+00:00
3833;0.99;2022-04-21T20:14:53+00:00
3840;1.8;2022-06-04T05:16:02+00:00
3851;1.29;2022-07-24T15:52:18+00:00
3859;4.49;2022-05-28T06:12:57+00:00
3867;2.2;2022-11-18T23:30:32+00:00
3871;2.2;2022-10-30T21:21:56+00:00
3876;9.2;2022-04-13T14:20:15+00:00
3877;1.18;2022-09-05T23:37:52+00:00
3879;1.1;2022-08-06T16:07:24+00:00
3881;1.64;2022-10-17T06:49:54+00:00
3883;0.64;2022-06-20T07:48:47+00:00
3891;5.85;2022-04-11T04:08:23+00:00
3896;6.47;2022-09-11T21:23:53+00:00
3899;8.97;2022-08-17T10:13:37+00:00
3903;6.06;2022-09-04T10:25:17+00:00
3906;5.93;2022-09-14T22:31:01+00:00
3909;4.93;2022-07-06T02:20:27+00:00
3910;2.53;2022-05-09T19:02:43+00:00
3914;6.4;2022-06-29T21:15:38+00:00
3916;2.94;2022-06-08T03:03:01+00:00
3917;1.93;2022-07-21T08:26:26+00:00
3924;5.22;2022-04-25T04:24:50+00:00
3936;8.63;2022-11-21T01:03:16+00:00
3939;7.08;2022-10-02T18:03:52+00:00
3945;2.06;2022-04-30T00:39:42+00:00
3949;7.82;2022-10-22T10:11:43+00:00
3955;8.2;2022-07-19T08:10:02+00:00
3957;7.27;2022-09-30T19:57:58+00:00
3971;2.27;2022-11-06T21:38:38+00:00
3977;1.81;2022-10-28T17:02:44+00:00
3980;1.07;2022-09-04T15:05:57+00:00
3983;5.92;2022-04-02T02:58:54+00:00
3986;1.9;2022-04-24T22:45:56+00:00
3999;2.62;2022-08-31T08:36:48+00:00
4000;2.01;2022-08-20T19:19:08+00:00
4006;3.52;2022-11-01T22:08:08+00:00
4008;3.26;2022-07-01T08:09:19+00:00
4016;1.49;2022-05-31T09:58:37+00:00
4026;3.06;2022-11-21T02:28:47+00:00
4029;4.52;2022-06-04T17:42:05+00:00
4032;1.56;2022-06-16T11:58:07+00:00
4034;2.63;2022-10-18T14:51:09+00:00
4037;3.43;2022-08-18T03:22:10+00:00
4039;2.25;2022-09-07T08:28:37+00:00
4043;4.69;2022-05-23T21:12:58+00:00
4047;5.76;2022-10-03T06:57:57+00:00
4051;3.41;2022-04-18T04:47:46+00:00
4052;9.0;2022-11-23T08:39:34+00:00
4054;7.07;2022-10-23T20:48:44+00:00
4057;2.03;2022-09-27T04:45:43+00:00
4059;0.66;2022-08-01T11:02:17+00:00
4060;14.19;2022-08-26T07:54:28+00:00
4061;7.06;2022-05-16T05:10:21+00:00
4069;1.42;2022-08-10T08:25:26+00:00
4072;4.6;2022-09-18T19:23:46+00:00
4073;5.98;2022-04-27T22:44:27+00:00
4074;4.7;2022-07-30T21:47:09+00:00
4076;4.04;2022-05-02T05:30:02+00:00
4078;6.2;2022-05-31T09:42:56+00:00
4081;10.44;2022-09-13T09:40:37+00:00
4092;13.66;2022-04-14T15:44:40+00:00
4099;6.92;2022-11-09T08:53:58+00:00
4101;5.05;2022-07-18T06:13:40+00:00
4106;2.58;2022-09-05T11:42:03+00:00
4107;5.75;2022-09-17T06:52:59+00:00
4121;5.11;2022-06-06T06:52:18+00:00
4126;2.87;2022-10-01T16:21:39+00:00
4127;1.2;2022-12-01T20:54:56+00:00
4131;1.15;2022-10-14T10:59:54+00:00
4132;5.81;2022-11-27T10:57:53+00:00
4134;2.85;2022-11-12T12:36:31+00:00
4142;10.27;2022-04-05T18:32:37+00:00
4156;3.29;2022-08-13T00:13:07+00:00
4164;2.15;2022-09-01T13:21:08+00:00
4167;2.04;2022-04-20T14:42:58+00:00
4184;6.06;2022-06-26T19:38:44+00:00
4188;1.25;2022-08-11T18:03:24+00:00
4195;5.52;2022-07-02T11:37:25+00:00
4196;2.33;2022-08-20T14:26:19+00:00
4212;12.27;2022-05-03T14:09:16+00:00
4217;9.83;2022-08-28T16:45:36+00:00
4222;3.48;2022-06-27T07:16:19+00:00
4229;2.17;2022-07-10T07:40:53+00:00
4245;1.52;2022-10-16T05:56:41+00:00
4251;5.71;2022-10-02T07:03:22+00:00
4254;6.99;2022-09-14T04:04:53+00:00
4255;6.81;2022-07-29T02:06:00+00:00
4259;2.41;2022-08-26T23:47:35+00:00
4268;1.75;2022-05-11T15:21:31+00:00
4276;9.44;2022-04-22T12:21:54+00:00
4316;3.15;2022-10-14T19:14:21+00:00
4322;1.84;2022-11-12T15:36:58+00:00
4326;3.33;2022-07-06T22:31:44+00:00
4327;8.94;2022-08-04T12:03:13+00:00
4330;6.91;2022-09-16T14:20:03+00:00
4333;1.71;2022-06-10T18:33:21+00:00
4342;1.22;2022-05-23T23:44:18+00:00
4343;1.99;2022-06-30T23:13:40+00:00
4348;5.0;2022-07-17T13:22:58+00:00
4354;3.26;2022-08-17T20:09:37+00:00
4358;5.2;2022-07-18T08:18:14+00:00
4362;2.83;2022-12-01T20:37:43+00:00
4373;0.64;2022-11-12T04:40:26+00:00
4376;8.58;2022-08-04T18:57:06+00:00
4383;1.12;2022-06-05T03:55:10+00:00
4389;2.49;2022-06-10T08:25:20+00:00
4391;1.1;2022-09-14T01:43:20+00:00
4392;12.09;2022-10-14T11:28:09+00:00
4394;13.76;2022-06-05T16:46:31+00:00
4397;4.8;2022-05-14T07:33:48+00:00
4399;8.47;2022-04-16T16:01:04+00:00
4401;1.98;2022-05-23T14:31:14+00:00
4403;2.91;2022-06-06T10:53:05+00:00
4406;6.47;2022-06-17T16:59:52+00:00
4409;7.75;2022-04-29T01:32:09+00:00
4417;6.91;2022-06-05T15:54:14+00:00
4419;1.07;2022-08-23T13:33:45+00:00
4420;3.04;2022-05-15T02:28:06+00:00
4421;4.7;2022-05-24T04:16:50+00:00
4424;7.3;2022-04-26T21:01:49+00:00
4429;5.74;2022-11-28T09:31:06+00:00
4432;1.31;2022-09-16T09:22:16+00:00
4434;3.1;2022-08-23T03:27:26+00:00
4437;3.87;2022-10-08T10:13:29+00:00
4438;2.26;2022-09-20T04:48:09+00:00
4439;6.01;2022-06-25T22:29:52+00:00
4442;10.54;2022-06-26T09:04:27+00:00
4443;4.66;2022-04-25T02:59:48+00:00
4446;4.18;2022-08-07T17:36:07+00:00
4452;5.84;2022-11-24T00:55:14+00:00
4453;14.05;2022-05-27T19:59:02+00:00
4459;1.85;2022-04-15T06:30:30+00:00
4463;3.57;2022-11-20T15:37:13+00:00
4469;1.49;2022-09-01T01:20:53+00:00
4471;14.12;2022-09-23T18:22:38+00:00
4492;1.69;2022-06-13T15:42:47+00:00
4497;3.43;2022-04-09T06:10:54+00:00
4501;7.17;2022-06-15T02:48:11+00:00
4502;4.79;2022-09-02T03:48:41+00:00
4505;6.91;2022-08-06T15:31:57+00:00
4512;7.18;2022-05-11T13:19:28+00:00
4516;4.61;2022-06-13T22:48:49+00:00
4519;4.66;2022-06-16T16:18:18+00:00
4520;6.36;2022-10-15T14:19:21+00:00
4528;1.12;2022-05-14T08:04:50+00:00
4529;6.35;2022-05-04T21:10:46+00:00
4543;0.84;2022-10-07T10:20:28+00:00
4544;4.37;2022-07-07T08:22:02+00:00
4548;2.0;2022-05-06T19:35:17+00:00
4549;1.4;2022-08-11T07:35:22+00:00
4550;9.87;2022-05-26T08:25:41+00:00
4563;4.38;2022-11-19T23:52:16+00:00
4574;1.83;2022-05-09T06:35:56+00:00
4575;14.19;2022-07-29T20:02:00+00:00
4578;9.9;2022-07-16T13:56:30+00:00
4580;2.07;2022-09-29T13:46:16+00:00
4581;6.91;2022-04-30T18:56:11+00:00
4583;3.46;2022-08-16T04:46:02+00:00
4592;2.58;2022-07-03T06:22:57+00:00
4594;9.94;2022-08-15T04:20:10+00:00
4595;3.23;2022-07-30T16:20:01+00:00
4600;5.34;2022-11-10T14:14:33+00:00
4602;12.59;2022-06-24T18:59:38+00:00
4607;8.21;2022-10-04T12:23:45+00:00
4611;2.91;2022-04-25T04:25:04+00:00
4619;10.2;2022-06-15T08:01:05+00:00
4620;4.39;2022-05-19T04:24:46+00:00
4624;3.12;2022-10-15T20:10:55+00:00
4638;10.72;2022-11-01T09:11:24+00:00
4648;2.09;2022-07-20T06:00:55+00:00
4649;5.1;2022-05-07T15:04:40+00:00
4653;2.73;2022-09-11T00:56:27+00:00
4658;11.31;2022-05-02T07:47:51+00:00
4659;1.16;2022-09-06T07:18:26+00:00
4666;1.95;2022-07-28T19:59:54+00:00
4667;7.12;2022-10-28T14:43:44+00:00
4670;1.86;2022-11-22T01:46:01+00:00
4673;2.53;2022-09-11T03:25:26+00:00
4687;6.99;2022-08-02T22:07:50+00:00
4693;8.89;2022-05-09T17:05:57+00:00
4696;3.97;2022-05-30T20:52:35+00:00
4706;7.73;2022-10-29T22:54:05+00:00
4709;8.29;2022-10-04T11:53:09+00:00
4717;1.2;2022-09-21T10:04:00+00:00
4720;12.3;2022-04-03T11:33:34+00:00
4726;8.01;2022-11-07T07:23:01+00:00
4737;14.38;2022-08-24T13:00:04+00:00
4738;1.25;2022-04-05T20:01:00+00:00
4740;2.61;2022-10-21T01:43:02+00:00
4742;6.02;2022-05-11T04:28:27+00:00
4743;7.72;2022-07-24T14:52:15+00:00
4747;3.25;2022-09-27T06:29:54+00:00
4754;1.88;2022-05-01T15:03:00+00:00
4758;5.84;2022-08-04T17:11:47+00:00
4759;12.66;2022-06-22T16:49:47+00:00
4763;4.44;2022-05-15T15:59:08+00:00
4765;0.63;2022-05-13T03:56:45+00:00
4766;1.74;2022-05-08T16:23:23+00:00
4772;1.68;2022-11-29T01:37:47+00:00
4782;0.55;2022-08-31T19:28:18+00:00
4788;6.01;2022-09-06T06:45:55+00:00
4789;2.9;2022-04-10T12:45:41+00:00
4790;3.97;2022-05-31T00:14:26+00:00
4793;6.49;2022-09-25T04:15:23+00:00
4796;0.68;2022-08-14T15:36:16+00:00
4802;1.52;2022-06-27T19:38:38+00:00
4805;2.97;2022-08-31T09:34:31+00:00
4806;3.45;2022-06-09T11:06:04+00:00
4813;7.27;2022-07-17T03:28:26+00:00
4823;7.52;2022-10-24T22:10:38+00:00
4824;9.4;2022-09-03T03:53:33+00:00
4827;1.38;2022-07-26T09:55:39+00:00
4833;5.19;2022-11-13T18:17:16+00:00
4844;3.62;2022-09-19T21:35:27+00:00
4845;10.94;2022-04-28T08:10:58+00:00
4851;0.91;2022-05-23T10:03:31+00:00
4858;0.79;2022-07-17T20:19:31+00:00
4860;5.49;2022-05-21T10:57:59+00:00
4862;1.99;2022-11-18T13:07:39+00:00
4866;2.2;2022-11-17T15:40:31+00:00
4869;3.1;2022-06-20T14:12:12+00:00
4878;10.41;2022-06-15T21:58:27+00:00
4884;5.92;2022-05-18T07:01:35+00:00
4886;2.58;2022-05-19T20:47:03+00:00
4890;2.56;2022-07-12T10:18:45+00:00
4891;12.56;2022-06-11T10:15:35+00:00
4893;4.5;2022-10-16T08:49:13+00:00
4898;11.65;2022-07-20T02:43:03+00:00
4901;3.83;2022-05-13T11:49:13+00:00
4904;1.62;2022-08-12T23:34:49+00:00
4905;10.37;2022-11-11T04:29:43+00:00
4912;11.03;2022-07-26T08:35:54+00:00
4913;8.12;2022-11-03T03:37:37+00:00
4914;2.43;2022-07-02T05:47:31+00:00
4925;5.73;2022-04-01T11:34:24+00:00
4927;0.98;2022-08-30T13:16:04+00:00
4941;8.95;2022-08-24T20:19:13+00:00
4942;1.57;2022-10-26T15:07:50+00:00
4943;4.41;2022-08-26T05:55:09+00:00
4946;3.79;2022-10-13T22:24:21+00:00
4949;7.96;2022-05-18T04:00:00+00:00
4960;5.48;2022-04-26T07:53:48+00:00
4962;1.41;2022-11-30T03:21:24+00:00
4982;4.64;2022-08-21T13:19:26+00:00
4992;6.74;2022-05-21T11:25:21+00:00
4998;4.88;2022-11-30T08:10:34+00:00
5000;1.02;2022-06-13T07:17:55+00:00
5008;2.41;2022-06-26T13:18:26+00:00
5024;14.35;2022-11-09T19:25:31+00:00
5034;7.52;2022-09-02T17:01:34+00:00
5038;1.38;2022-10-17T03:20:43+00:00
5041;2.04;2022-10-24T00:25:17+00:00
5051;3.37;2022-09-21T10:21:03+00:00
5054;2.93;2022-05-15T10:17:41+00:00
5056;10.36;2022-06-11T22:43:10+00:00
5057;2.34;2022-04-23T23:02:16+00:00
5066;3.97;2022-05-18T20:11:45+00:00
5071;0.97;2022-10-22T09:10:47+00:00
5074;0.54;2022-09-21T09:11:32+00:00
5076;3.02;2022-11-21T19:51:19+00:00
5078;0.48;2022-11-02T19:53:09+00:00
5081;0.87;2022-12-01T22:34:43+00:00
5083;4.72;2022-09-24T07:26:48+00:00
5085;0.86;2022-07-01T04:20:51+00:00
5087;2.72;2022-04-08T21:19:57+00:00
5089;1.77;2022-10-22T21:06:23+00:00
5091;2.51;2022-07-19T07:50:40+00:00
5095;0.61;2022-10-14T18:22:15+00:00
5097;0.58;2022-07-15T05:08:00+00:00
5100;1.09;2022-10-20T16:05:02+00:00
5102;1.61;2022-11-16T10:36:09+00:00
5107;0.29;2022-11-16T11:05:02+00:00
5112;2.65;2022-04-29T17:25:20+00:00
5117;1.68;2022-06-09T05:23:17+00:00
5122;5.86;2022-04-14T16:14:07+00:00
5123;5.4;2022-07-12T08:41:11+00:00
5125;0.49;2022-08-19T23:14:01+00:00
5126;0.38;2022-07-11T10:53:43+00:00
5129;0.33;2022-08-02T10:48:28+00:00
5130;2.46;2022-05-04T20:55:29+00:00
5133;2.05;2022-04-17T08:46:15+00:00
5138;0.33;2022-05-29T00:43:54+00:00
5140;4.45;2022-04-26T09:58:23+00:00
5142;1.3;2022-07-29T01:26:28+00:00
5150;1.77;2022-07-24T21:47:42+00:00
5151;1.99;2022-11-24T17:49:08+00:00
5166;3.42;2022-09-30T05:38:30+00:00
5170;4.04;2022-05-28T13:07:47+00:00
5172;1.19;2022-06-12T09:30:07+00:00
5174;5.98;2022-10-01T15:25:31+00:00
5176;3.11;2022-06-09T04:47:16+00:00
5182;9.45;2022-06-27T21:50:49+00:00
5183;4.59;2022-09-04T00:41:15+00:00
5185;6.65;2022-04-20T18:25:18+00:00
5187;6.17;2022-04-16T03:56:53+00:00
5188;6.93;2022-10-27T12:17:16+00:00
5196;1.11;2022-08-08T05:50:49+00:00
5199;6.18;2022-07-23T00:51:45+00:00
5200;6.35;2022-10-29T23:00:52+00:00
5206;5.15;2022-06-26T15:30:30+00:00
5211;13.84;2022-08-19T22:08:09+00:00
5228;1.01;2022-10-31T20:48:29+00:00
5235;4.42;2022-07-15T11:47:04+00:00
5237;2.71;2022-10-21T15:11:48+00:00
5245;9.63;2022-11-06T00:03:18+00:00
5248;1.44;2022-08-18T01:35:16+00:00
5249;7.67;2022-09-20T09:30:29+00:00
5251;7.58;2022-05-03T16:01:25+00:00
5254;8.48;2022-04-18T06:49:07+00:00
5264;7.6;2022-09-23T06:25:42+00:00
5268;4.93;2022-05-24T00:11:15+00:00
5272;4.81;2022-09-13T15:13:19+00:00
5276;2.36;2022-09-21T21:03:10+00:00
5280;0.89;2022-09-29T01:17:01+00:00
5281;12.72;2022-07-28T22:36:21+00:00
5289;2.92;2022-07-14T08:41:24+00:00
5308;10.46;2022-11-15T19:13:39+00:00
5310;2.72;2022-11-28T06:08:37+00:00
5320;2.91;2022-07-21T14:19:48+00:00
5322;1.54;2022-04-24T07:54:39+00:00
5331;5.64;2022-06-26T16:58:01+00:00
5335;7.97;2022-08-22T22:29:53+00:00
5344;6.03;2022-05-03T07:41:05+00:00
5346;1.82;2022-04-21T13:35:52+00:00
5350;9.21;2022-10-01T02:46:01+00:00
5352;4.29;2022-04-15T06:39:26+00:00
5353;4.15;2022-05-23T15:12:07+00:00
5356;6.54;2022-09-12T21:58:15+00:00
5362;6.75;2022-09-30T17:11:44+00:00
5369;0.79;2022-09-06T21:29:26+00:00
5382;9.61;2022-06-22T07:56:37+00:00
5388;4.92;2022-11-01T19:09:00+00:00
5389;2.97;2022-08-13T22:35:41+00:00
5394;4.4;2022-08-18T21:25:18+00:00
5399;7.17;2022-05-19T21:22:35+00:00
5400;7.2;2022-10-30T05:38:34+00:00
5406;6.66;2022-08-12T16:22:23+00:00
5412;0.69;2022-05-21T10:40:29+00:00
5419;3.55;2022-08-05T17:32:55+00:00
5423;2.55;2022-04-05T17:01:55+00:00
5444;8.98;2022-10-31T11:24:25+00:00
5450;7.51;2022-11-08T15:19:00+00:00
5454;2.76;2022-06-22T16:44:34+00:00
5456;2.77;2022-10-20T23:32:02+00:00
5460;2.32;2022-04-09T06:04:08+00:00
5463;10.79;2022-09-15T21:30:26+00:00
5465;5.21;2022-08-28T19:38:01+00:00
5474;14.16;2022-06-29T00:11:20+00:00
5485;8.19;2022-08-07T10:19:35+00:00
5490;13.81;2022-04-11T11:42:50+00:00
5491;3.63;2022-09-18T03:24:10+00:00
5493;0.75;2022-04-29T07:42:52+00:00
5494;1.54;2022-06-29T16:27:32+00:00
5496;4.68;2022-10-14T05:38:20+00:00
5497;3.52;2022-04-12T16:34:00+00:00
5499;1.39;2022-07-08T09:04:50+00:00
5505;7.78;2022-09-12T01:29:28+00:00
5509;6.98;2022-05-25T17:12:12+00:00
5513;3.34;2022-04-25T22:19:22+00:00
5522;8.68;2022-11-11T16:46:16+00:00
5531;6.5;2022-10-08T19:04:52+00:00
5542;0.65;2022-08-18T06:34:08+00:00
5547;10.39;2022-06-07T01:06:44+00:00
5555;11.24;2022-04-27T07:50:56+00:00
5560;5.42;2022-10-23T02:40:59+00:00
5563;13.04;2022-09-17T05:48:35+00:00
5568;10.63;2022-06-16T12:15:34+00:00
5572;10.37;2022-11-10T18:37:42+00:00
5577;11.46;2022-11-10T14:21:29+00:00
5589;0.85;2022-05-12T04:58:51+00:00
5599;1.34;2022-09-30T00:18:27+00:00
5600;9.82;2022-10-10T03:33:37+00:00
5603;4.76;2022-10-07T17:32:18+00:00
5608;1.52;2022-09-04T13:34:43+00:00
5609;1.68;2022-10-25T20:49:54+00:00
5615;4.86;2022-10-05T03:17:59+00:00
5617;2.64;2022-07-16T23:40:23+00:00
5618;3.26;2022-11-07T22:20:11+00:00
5620;1.67;2022-10-30T16:14:41+00:00
5622;6.81;2022-07-21T02:23:08+00:00
5632;4.26;2022-08-31T21:13:40+00:00
5639;9.9;2022-05-13T22:31:50+00:00
5642;5.36;2022-04-27T14:00:09+00:00
5644;8.02;2022-06-02T18:36:52+00:00
5650;3.46;2022-11-30T19:35:54+00:00
5652;9.29;2022-08-16T22:45:28+00:00
5656;4.54;2022-05-14T04:44:57+00:00
5669;3.34;2022-10-28T03:46:00+00:00
5676;3.95;2022-08-02T12:53:10+00:00
5678;5.2;2022-11-02T19:58:37+00:00
5686;2.26;2022-11-03T16:13:03+00:00
5687;7.13;2022-08-07T07:07:39+00:00
5690;3.33;2022-11-11T06:47:45+00:00
5692;5.84;2022-05-26T19:42:27+00:00
5694;1.93;2022-06-29T18:19:45+00:00
5695;0.73;2022-04-26T00:51:55+00:00
5702;2.53;2022-07-19T08:27:37+00:00
5710;6.97;2022-05-21T14:13:57+00:00
5711;3.38;2022-08-25T20:47:13+00:00
5713;10.39;2022-08-23T09:32:05+00:00
5717;10.49;2022-08-02T22:12:46+00:00
5718;1.6;2022-04-01T21:47:07+00:00
5719;7.06;2022-04-08T21:41:24+00:00
5727;3.09;2022-07-03T16:29:46+00:00
5739;2.23;2022-11-11T22:38:19+00:00
5747;1.84;2022-10-29T09:27:47+00:00
5748;2.21;2022-06-06T00:29:05+00:00
5750;2.66;2022-10-20T13:41:13+00:00
5751;4.25;2022-05-31T05:15:02+00:00
5753;4.71;2022-11-25T23:09:08+00:00
5754;1.06;2022-09-05T13:58:35+00:00
5757;5.58;2022-09-09T12:28:27+00:00
5758;10.01;2022-06-03T04:40:19+00:00
5762;4.2;2022-11-26T03:38:56+00:00
5763;2.26;2022-05-15T20:39:23+00:00
5765;0.94;2022-08-02T01:40:07+00:00
5772;6.59;2022-07-14T11:38:11+00:00
5785;3.49;2022-10-18T03:42:59+00:00
5793;2.16;2022-10-13T08:07:10+00:00
5794;7.05;2022-10-21T21:46:45+00:00
5806;3.14;2022-08-27T14:26:18+00:00
5817;9.51;2022-07-12T13:02:30+00:00
5819;8.1;2022-05-31T22:04:16+00:00
5820;6.67;2022-10-17T20:49:07+00:00
5825;10.34;2022-05-09T01:49:43+00:00
5828;5.7;2022-05-20T09:02:34+00:00
5829;2.19;2022-06-27T20:52:19+00:00
5833;7.0;2022-09-24T17:20:48+00:00
5843;8.48;2022-06-15T14:28:41+00:00
5846;3.38;2022-07-20T22:23:26+00:00
5857;4.97;2022-07-13T16:59:13+00:00
5859;0.53;2022-06-09T06:28:02+00:00
5881;3.7;2022-09-29T11:44:07+00:00
5893;3.19;2022-04-15T13:39:39+00:00
5897;0.68;2022-06-06T06:17:04+00:00
5903;5.98;2022-08-24T19:02:43+00:00
5904;8.77;2022-11-06T04:33:42+00:00
5912;4.62;2022-05-13T09:16:51+00:00
5916;1.15;2022-08-19T06:59:19+00:00
5921;2.24;2022-10-20T11:48:14+00:00
5929;5.6;2022-10-12T08:44:40+00:00
5931;9.75;2022-10-28T16:35:14+00:00
5932;4.92;2022-11-09T16:46:56+00:00
5944;5.95;2022-09-26T08:23:53+00:00
5946;2.55;2022-06-19T11:45:06+00:00
5947;2.88;2022-06-30T14:08:47+00:00
5949;10.3;2022-07-09T01:05:00+00:00
5951;10.0;2022-07-25T18:51:12+00:00
5965;6.64;2022-06-14T17:40:48+00:00
5966;1.27;2022-09-20T00:27:10+00:00
5969;8.72;2022-07-28T09:59:32+00:00
5973;3.77;2022-10-18T08:05:50+00:00
5985;3.01;2022-08-23T00:57:34+00:00
5992;10.0;2022-08-28T11:15:23+00:00
5993;3.15;2022-07-08T23:27:51+00:00
6001;0.61;2022-09-16T23:16:20+00:00
6011;1.01;2022-11-30T16:04:19+00:00
6014;0.43;2022-06-19T03:49:56+00:00
6016;2.07;2022-10-04T09:09:42+00:00
6017;1.76;2022-08-26T22:39:58+00:00
6019;3.45;2022-06-04T15:08:26+00:00
6024;1.84;2022-05-11T09:11:35+00:00
6041;4.42;2022-04-08T21:59:53+00:00
6045;0.27;2022-08-23T21:39:46+00:00
6052;1.59;2022-10-12T07:58:11+00:00
6057;2.45;2022-07-26T03:02:05+00:00
6058;0.45;2022-04-22T14:55:43+00:00
6060;0.61;2022-11-20T11:44:14+00:00
6068;1.44;2022-11-19T06:25:50+00:00
6081;2.36;2022-06-14T05:20:36+00:00
6085;1.02;2022-09-16T20:20:27+00:00
6092;1.44;2022-05-25T19:06:34+00:00
6093;3.38;2022-09-01T02:08:22+00:00
6097;4.64;2022-06-02T05:49:39+00:00
6104;0.86;2022-10-06T06:48:21+00:00
6108;0.23;2022-05-11T02:20:31+00:00
6109;0.92;2022-06-19T15:53:22+00:00
6110;2.01;2022-04-21T18:53:01+00:00
6120;0.42;2022-07-11T10:41:51+00:00
6123;7.8;2022-09-17T08:54:40+00:00
6127;7.81;2022-07-21T07:04:27+00:00
6129;0.76;2022-08-02T08:06:13+00:00
6145;0.59;2022-11-18T07:04:17+00:00
6147;1.48;2022-09-25T19:59:18+00:00
6148;1.36;2022-11-10T05:01:18+00:00
6155;2.32;2022-06-19T01:10:42+00:00
6156;0.59;2022-05-10T16:35:53+00:00
6163;1.2;2022-04-01T17:05:45+00:00
6171;0.8;2022-08-22T15:05:09+00:00
6180;5.61;2022-06-13T21:50:45+00:00
6191;1.99;2022-10-25T22:48:40+00:00
6202;0.75;2022-04-03T15:57:30+00:00
6208;1.16;2022-04-21T05:18:53+00:00
6210;3.14;2022-07-15T10:20:32+00:00
6220;2.79;2022-04-25T10:20:24+00:00
6222;1.48;2022-05-06T02:03:47+00:00
6231;4.27;2022-04-30T16:51:14+00:00
6233;3.72;2022-10-06T18:36:51+00:00
6237;0.26;2022-06-13T16:47:37+00:00
6245;4.97;2022-12-01T14:31:43+00:00
6258;0.41;2022-11-09T19:56:03+00:00
6263;4.53;2022-05-06T19:25:37+00:00
6264;1.39;2022-10-30T19:46:26+00:00
6268;2.33;2022-08-02T07:03:48+00:00
6274;1.51;2022-11-11T16:38:38+00:00
6276;2.71;2022-06-05T05:43:49+00:00
6278;0.32;2022-04-20T03:36:01+00:00
6281;7.51;2022-08-23T18:29:49+00:00
6283;7.06;2022-08-09T11:39:13+00:00
6287;0.69;2022-08-04T08:55:29+00:00
6288;2.76;2022-04-02T05:45:15+00:00
6289;2.7;2022-06-29T11:43:29+00:00
6298;3.91;2022-07-14T15:29:52+00:00
6302;8.32;2022-05-22T10:12:20+00:00
6307;2.66;2022-08-12T18:20:26+00:00
6308;3.34;2022-08-26T15:36:59+00:00
6314;1.25;2022-08-16T03:31:43+00:00
6323;2.99;2022-08-17T16:02:53+00:00
6327;2.46;2022-10-30T07:55:48+00:00
6332;4.95;2022-04-07T14:12:54+00:00
6336;5.13;2022-08-02T20:56:54+00:00
6338;3.82;2022-06-10T04:59:20+00:00
6344;2.01;2022-05-12T07:13:18+00:00
6351;0.65;2022-06-29T06:22:43+00:00
6352;1.22;2022-07-28T21:31:11+00:00
6358;2.62;2022-09-16T18:27:33+00:00
6363;0.93;2022-11-06T15:11:27+00:00
6367;2.68;2022-10-31T19:18:36+00:00
6372;1.15;2022-05-19T04:21:05+00:00
6376;2.86;2022-05-23T13:22:17+00:00
6378;2.76;2022-10-19T07:41:33+00:00
6382;2.35;2022-11-27T03:16:30+00:00
6385;3.14;2022-09-04T05:04:15+00:00
6396;0.72;2022-10-17T16:57:07+00:00
6397;0.49;2022-04-17T13:23:47+00:00
6406;0.38;2022-10-22T23:40:45+00:00
6417;0.79;2022-07-30T01:47:52+00:00
6422;4.08;2022-07-11T11:19:54+00:00
6425;4.35;2022-09-19T02:45:58+00:00
6426;2.04;2022-04-26T10:39:27+00:00
6430;9.04;2022-06-20T20:49:45+00:00
6435;0.23;2022-05-31T10:48:33+00:00
6439;8.13;2022-07-26T08:30:38+00:00
6443;0.95;2022-07-29T21:20:00+00:00
6450;3.03;2022-09-22T03:48:29+00:00
6451;0.65;2022-09-11T16:40:40+00:00
6458;0.49;2022-05-24T17:46:01+00:00
6464;2.36;2022-06-30T21:16:40+00:00
6468;1.57;2022-09-05T05:52:02+00:00
6471;3.17;2022-05-28T23:39:45+00:00
6482;2.31;2022-04-19T06:23:30+00:00
6484;4.54;2022-05-30T08:52:08+00:00
6494;2.97;2022-09-21T18:03:44+00:00
6497;9.2;2022-09-11T12:59:20+00:00
6500;12.76;2022-04-07T07:25:53+00:00
6503;0.58;2022-07-15T18:43:36+00:00
6509;1.39;2022-08-05T12:15:53+00:00
6518;7.42;2022-06-17T03:05:57+00:00
6520;13.18;2022-06-21T07:13:13+00:00
6522;8.31;2022-07-12T09:18:05+00:00
6530;1.72;2022-07-21T14:02:02+00:00
6533;0.74;2022-11-17T03:43:01+00:00
6542;2.11;2022-09-06T19:00:29+00:00
6547;7.24;2022-11-25T01:14:06+00:00
6549;1.74;2022-10-02T13:10:01+00:00
6550;2.87;2022-09-06T19:15:54+00:00
6552;4.32;2022-11-09T21:16:15+00:00
6554;5.82;2022-09-02T07:14:39+00:00
6557;7.67;2022-06-16T07:31:16+00:00
6565;7.4;2022-05-09T11:48:25+00:00
6566;8.12;2022-04-14T14:11:30+00:00
6573;1.37;2022-04-26T18:20:23+00:00
6582;2.2;2022-04-13T22:47:11+00:00
6594;2.16;2022-10-20T11:33:05+00:00
6604;8.5;2022-05-26T20:46:44+00:00
6609;2.26;2022-05-13T14:53:36+00:00
6610;11.31;2022-08-28T13:20:09+00:00
6614;2.28;2022-10-23T18:58:23+00:00
6624;1.31;2022-06-12T20:02:23+00:00
6627;4.55;2022-10-31T13:36:03+00:00
6633;1.95;2022-04-09T22:28:09+00:00
6636;6.37;2022-06-10T21:40:47+00:00
6643;3.45;2022-06-26T03:08:21+00:00
6663;2.98;2022-11-15T23:37:44+00:00
6671;2.95;2022-11-06T23:16:28+00:00
6672;1.75;2022-07-07T01:06:13+00:00
6679;8.64;2022-10-19T13:45:52+00:00
6683;9.95;2022-10-23T14:59:47+00:00
6688;10.53;2022-10-13T18:29:04+00:00
6693;1.9;2022-11-08T16:14:35+00:00
6697;4.79;2022-06-05T20:58:33+00:00
6706;7.13;2022-08-20T05:07:29+00:00
6712;14.03;2022-07-23T05:13:00+00:00
6715;5.44;2022-08-30T13:10:42+00:00
6717;1.99;2022-05-31T21:51:38+00:00
6718;4.65;2022-06-29T16:29:35+00:00
6723;2.28;2022-05-20T00:52:54+00:00
6729;1.05;2022-04-15T12:03:48+00:00
6743;3.88;2022-08-04T18:02:51+00:00
6748;4.64;2022-07-04T09:52:12+00:00
6768;7.88;2022-04-25T20:47:47+00:00
6770;9.77;2022-04-01T04:21:00+00:00
6771;4.4;2022-11-03T10:19:43+00:00
6772;2.47;2022-10-19T13:18:48+00:00
6776;9.41;2022-04-04T14:01:02+00:00
6785;5.12;2022-06-28T21:55:43+00:00
6792;0.62;2022-05-19T19:26:56+00:00
6802;10.23;2022-05-06T04:07:06+00:00
6808;10.55;2022-10-09T15:55:21+00:00
6810;2.6;2022-10-25T12:42:58+00:00
6814;14.09;2022-04-25T07:44:35+00:00
6819;7.17;2022-05-10T13:15:26+00:00
6835;6.72;2022-09-07T05:48:33+00:00
6836;3.2;2022-04-26T08:20:51+00:00
6845;6.23;2022-11-15T15:31:32+00:00
6846;3.99;2022-11-11T15:23:04+00:00
6847;4.6;2022-10-30T23:24:23+00:00
6852;6.05;2022-10-22T01:46:21+00:00
6853;4.93;2022-05-16T11:36:54+00:00
6856;8.46;2022-11-02T21:41:18+00:00
6865;5.0;2022-05-30T05:25:20+00:00
6869;10.56;2022-07-05T20:45:54+00:00
6875;10.2;2022-09-08T14:55:01+00:00
6881;5.29;2022-10-04T15:11:39+00:00
6883;4.95;2022-07-21T13:06:46+00:00
6900;0.46;2022-08-11T00:20:57+00:00
6914;4.7;2022-08-29T03:14:45+00:00
6925;5.14;2022-04-06T12:06:05+00:00
6928;1.69;2022-05-26T09:16:20+00:00
6930;0.4;2022-05-05T01:34:41+00:00
6939;2.48;2022-05-07T18:33:00+00:00
6943;1.72;2022-11-29T08:54:53+00:00
6946;0.55;2022-05-16T19:15:19+00:00
6951;1.28;2022-07-09T07:19:54+00:00
6955;3.67;2022-10-24T06:52:08+00:00
6968;1.21;2022-05-02T12:45:21+00:00
6974;1.87;2022-11-22T04:57:23+00:00
6975;0.67;2022-07-22T21:11:00+00:00
6981;1.1;2022-04-10T01:18:26+00:00
6984;1.47;2022-05-11T12:04:35+00:00
7004;1.7;2022-08-16T17:46:37+00:00
7018;2.99;2022-04-19T19:53:31+00:00
7019;6.2;2022-05-20T12:00:24+00:00
7020;0.67;2022-05-31T08:04:23+00:00
7025;4.63;2022-08-20T00:47:35+00:00
7028;2.47;2022-04-08T02:13:10+00:00
7041;4.5;2022-09-21T05:14:52+00:00
7054;0.62;2022-09-18T00:36:42+00:00
7055;0.73;2022-11-12T14:02:06+00:00
7057;7.79;2022-06-07T12:56:03+00:00
7066;0.14;2022-08-16T22:29:14+00:00
7068;1.84;2022-10-01T20:23:57+00:00
7069;4.02;2022-05-31T03:49:00+00:00
7073;1.09;2022-06-01T21:26:09+00:00
7079;0.98;2022-06-17T22:15:25+00:00
7084;5.03;2022-04-26T10:55:14+00:00
7090;3.76;2022-07-10T05:23:51+00:00
7092;9.16;2022-11-10T09:08:56+00:00
7093;1.11;2022-04-14T03:07:00+00:00
7096;0.43;2022-11-02T03:09:45+00:00
7101;2.92;2022-06-21T14:48:12+00:00
7103;2.4;2022-05-27T19:43:48+00:00
7107;2.6;2022-09-26T16:19:11+00:00
7118;3.94;2022-10-28T16:42:51+00:00
7133;0.95;2022-11-09T02:42:57+00:00
7148;1.35;2022-11-09T23:27:06+00:00
7154;3.67;2022-07-01T08:11:14+00:00
7155;0.91;2022-06-20T15:07:32+00:00
7160;0.47;2022-09-23T16:39:05+00:00
7161;1.72;2022-11-30T18:31:03+00:00
7162;0.49;2022-05-11T16:06:47+00:00
7166;0.76;2022-07-10T10:27:39+00:00
7167;0.48;2022-11-15T19:12:42+00:00
7185;1.27;2022-06-05T01:26:19+00:00
7194;0.94;2022-04-17T14:39:14+00:00
7196;0.86;2022-10-03T01:29:22+00:00
7201;5.88;2022-12-01T15:48:15+00:00
7205;0.35;2022-07-05T12:40:51+00:00
7207;1.99;2022-10-17T15:53:48+00:00
7219;1.94;2022-10-10T10:47:02+00:00
7221;1.27;2022-08-30T15:12:07+00:00
7223;0.98;2022-09-11T00:05:44+00:00
7230;1.1;2022-09-08T14:51:03+00:00
7232;0.58;2022-10-03T10:46:33+00:00
7234;0.42;2022-10-20T19:31:29+00:00
7241;0.45;2022-07-17T13:15:54+00:00
7246;0.61;2022-04-15T03:44:50+00:00
7251;1.12;2022-09-04T12:35:04+00:00
7267;5.85;2022-11-05T00:37:23+00:00
7273;1.25;2022-07-20T09:58:51+00:00
7278;0.62;2022-11-26T09:38:57+00:00
7283;0.58;2022-10-26T00:03:32+00:00
7289;0.52;2022-11-02T13:38:53+00:00
7293;8.03;2022-10-01T16:14:24+00:00
7302;4.31;2022-09-22T03:14:29+00:00
7303;3.96;2022-10-18T01:34:09+00:00
7305;1.12;2022-04-06T14:42:45+00:00
7313;7.22;2022-10-07T21:35:47+00:00
7317;0.54;2022-04-04T02:29:14+00:00
7320;1.52;2022-06-09T05:35:46+00:00
7324;0.53;2022-06-10T09:22:16+00:00
7328;5.35;2022-07-29T16:34:00+00:00
7333;7.76;2022-06-03T08:40:03+00:00
7338;2.19;2022-05-24T22:37:16+00:00
7339;5.38;2022-05-16T03:23:51+00:00
7340;9.53;2022-05-19T17:36:43+00:00
7341;4.47;2022-09-13T22:08:18+00:00
7342;8.55;2022-08-21T16:17:39+00:00
7344;12.31;2022-10-04T08:25:43+00:00
7350;6.42;2022-06-08T08:29:31+00:00
7354;2.28;2022-10-26T21:17:23+00:00
7357;2.03;2022-10-12T06:06:15+00:00
7359;10.12;2022-09-11T17:19:23+00:00
7361;6.38;2022-09-18T21:48:49+00:00
7364;2.9;2022-11-08T07:42:09+00:00
7367;3.33;2022-08-09T04:38:16+00:00
7368;6.86;2022-07-21T04:16:59+00:00
7376;5.78;2022-07-18T04:14:28+00:00
7386;5.85;2022-08-21T19:26:15+00:00
7390;2.41;2022-07-27T00:51:11+00:00
7404;2.08;2022-08-11T23:23:10+00:00
7409;4.07;2022-04-16T00:38:31+00:00
7410;3.36;2022-07-07T23:10:26+00:00
7414;11.71;2022-07-17T06:29:52+00:00
7418;6.25;2022-08-23T16:35:31+00:00
7436;1.87;2022-10-06T12:38:51+00:00
7437;0.81;2022-11-28T09:57:57+00:00
7443;8.54;2022-04-15T05:57:55+00:00
7448;1.9;2022-06-19T13:05:28+00:00
7450;10.62;2022-11-19T06:42:59+00:00
7452;4.13;2022-08-08T23:56:11+00:00
7456;0.51;2022-11-04T10:02:54+00:00
7457;3.54;2022-09-30T13:48:30+00:00
7461;13.45;2022-09-14T02:47:16+00:00
7465;13.73;2022-05-14T13:59:02+00:00
7467;6.84;2022-07-14T08:45:43+00:00
7475;6.15;2022-04-09T04:09:53+00:00
7482;4.91;2022-05-02T09:10:49+00:00
7489;4.28;2022-06-21T18:24:59+00:00
7491;2.47;2022-06-10T02:28:53+00:00
7496;3.07;2022-09-23T01:10:38+00:00
7498;1.53;2022-10-19T08:48:36+00:00
7509;0.95;2022-05-18T12:08:30+00:00
7514;0.47;2022-11-27T07:35:35+00:00
7517;4.61;2022-10-12T07:47:01+00:00
7523;1.53;2022-09-01T12:24:24+00:00
7524;0.37;2022-07-09T17:22:00+00:00
7533;0.44;2022-09-13T13:29:18+00:00
7539;1.42;2022-08-12T05:15:47+00:00
7551;4.62;2022-11-24T11:21:26+00:00
7555;5.36;2022-10-28T12:10:23+00:00
7556;6.5;2022-10-03T23:31:30+00:00
7560;3.79;2022-04-23T20:49:17+00:00
7561;1.49;2022-11-08T13:01:16+00:00
7563;1.56;2022-05-15T06:31:30+00:00
7567;2.13;2022-10-16T11:01:50+00:00
7571;0.62;2022-11-20T04:09:44+00:00
7577;0.33;2022-08-17T17:30:37+00:00
7578;1.6;2022-07-09T15:10:11+00:00
7579;0.69;2022-08-08T04:26:47+00:00
7580;0.29;2022-10-21T08:22:58+00:00
7583;1.23;2022-07-14T03:30:39+00:00
7589;0.72;2022-11-25T14:49:15+00:00
7595;0.19;2022-08-18T18:33:11+00:00
7600;1.28;2022-06-11T19:06:49+00:00
7614;0.97;2022-05-11T07:56:09+00:00
7615;2.34;2022-06-24T17:16:27+00:00
7616;4.01;2022-08-04T15:19:47+00:00
7624;1.54;2022-08-17T18:54:17+00:00
7636;1.47;2022-05-11T12:11:21+00:00
7638;7.41;2022-04-15T19:15:20+00:00
7642;0.34;2022-08-17T10:57:23+00:00
7646;1.04;2022-04-10T06:48:10+00:00
7651;2.2;2022-11-23T19:49:19+00:00
7653;1.81;2022-04-19T21:35:29+00:00
7655;2.81;2022-04-01T08:35:31+00:00
7658;1.78;2022-04-08T12:48:10+00:00
7659;1.38;2022-07-01T18:36:31+00:00
7660;4.88;2022-06-26T22:13:01+00:00
7662;1.3;2022-06-14T19:35:24+00:00
7663;9.86;2022-06-16T08:18:30+00:00
7667;0.32;2022-08-27T01:52:11+00:00
7674;0.43;2022-10-11T04:02:52+00:00
7677;0.88;2022-09-04T22:22:29+00:00
7686;4.35;2022-11-14T16:14:59+00:00
7691;1.07;2022-04-10T01:44:10+00:00
7696;4.03;2022-04-05T01:36:50+00:00
7704;0.47;2022-05-01T05:57:14+00:00
7723;0.68;2022-11-04T10:01:53+00:00
7726;10.37;2022-08-20T03:35:53+00:00
7729;0.92;2022-04-09T01:00:48+00:00
7730;0.22;2022-07-05T15:43:14+00:00
7735;1.16;2022-10-28T07:38:46+00:00
7739;0.96;2022-11-19T00:24:46+00:00
7744;0.49;2022-11-01T09:38:15+00:00
7745;1.01;2022-09-22T23:55:33+00:00
7746;0.35;2022-07-22T01:29:40+00:00
7760;0.33;2022-05-12T08:00:27+00:00
7768;0.52;2022-10-29T03:45:20+00:00
7783;1.0;2022-07-01T10:43:24+00:00
7786;1.85;2022-08-27T00:20:31+00:00
7793;0.91;2022-09-02T08:16:18+00:00
7795;0.5;2022-06-06T06:25:29+00:00
7798;0.3;2022-09-29T01:37:41+00:00
7807;1.08;2022-10-29T09:12:36+00:00
7809;1.34;2022-07-14T08:22:17+00:00
7814;0.52;2022-06-23T20:59:54+00:00
7835;1.77;2022-11-02T02:31:00+00:00
7838;0.33;2022-04-10T02:05:57+00:00
7841;2.07;2022-11-16T16:58:49+00:00
7843;2.38;2022-05-20T13:27:58+00:00
7849;3.96;2022-04-08T05:28:34+00:00
7851;2.59;2022-04-05T04:15:17+00:00
7854;1.07;2022-07-28T17:03:54+00:00
7855;7.21;2022-04-22T07:33:50+00:00
7862;0.91;2022-10-13T07:12:38+00:00
7867;1.54;2022-10-24T04:55:54+00:00
7869;5.33;2022-06-18T11:32:17+00:00
7872;6.08;2022-07-10T06:01:01+00:00
7876;1.53;2022-06-20T19:21:31+00:00
7879;2.1;2022-09-18T04:37:40+00:00
7886;7.79;2022-10-23T19:10:54+00:00
7892;0.12;2022-08-03T06:25:35+00:00
7924;9.34;2022-09-06T13:38:19+00:00
7925;1.29;2022-04-02T18:00:35+00:00
7926;0.64;2022-11-24T16:10:02+00:00
7928;2.56;2022-11-30T03:06:06+00:00
7929;1.61;2022-08-13T23:23:43+00:00
7930;0.57;2022-08-02T03:27:12+00:00
7932;0.44;2022-04-28T20:40:02+00:00
7941;1.09;2022-05-23T21:06:18+00:00
7950;1.56;2022-09-04T16:28:43+00:00
7968;1.47;2022-07-26T10:47:57+00:00
7970;1.07;2022-11-18T12:48:37+00:00
7979;1.34;2022-05-11T09:20:59+00:00
7981;0.59;2022-06-02T03:29:44+00:00
7984;0.36;2022-10-15T12:15:47+00:00
7993;1.79;2022-11-22T18:33:34+00:00
8003;0.59;2022-06-04T05:26:12+00:00
8004;1.61;2022-04-06T06:05:18+00:00
8005;1.25;2022-11-29T00:59:43+00:00
8009;0.64;2022-09-22T21:52:01+00:00
8022;3.07;2022-10-07T19:22:16+00:00
8029;0.36;2022-11-27T21:50:20+00:00
8033;2.02;2022-12-01T17:48:51+00:00
8036;5.8;2022-05-25T12:02:40+00:00
8039;3.1;2022-05-23T06:49:20+00:00
8043;2.37;2022-10-05T20:51:05+00:00
8044;12.06;2022-05-28T14:03:21+00:00
8047;4.26;2022-06-03T04:17:36+00:00
8052;6.96;2022-06-15T21:53:11+00:00
8059;1.46;2022-06-22T03:24:40+00:00
8070;4.85;2022-09-05T09:56:48+00:00
8071;1.5;2022-11-02T12:51:46+00:00
8072;2.3;2022-11-30T14:44:17+00:00
8073;2.19;2022-07-25T18:40:28+00:00
8080;5.89;2022-10-21T10:34:42+00:00
8083;1.11;2022-09-19T15:28:35+00:00
8087;2.25;2022-04-17T12:20:43+00:00
8092;10.96;2022-07-30T16:34:17+00:00
8093;0.68;2022-08-31T02:03:57+00:00
8094;1.75;2022-04-05T17:39:37+00:00
8096;1.32;2022-11-19T08:16:57+00:00
8097;3.01;2022-06-19T08:23:04+00:00
8105;2.25;2022-08-18T13:09:15+00:00
8111;0.54;2022-08-09T13:08:08+00:00
8112;5.31;2022-04-29T02:36:55+00:00
8116;2.11;2022-05-08T16:58:29+00:00
8118;1.7;2022-07-25T01:50:48+00:00
8121;1.16;2022-11-14T21:39:01+00:00
8122;1.36;2022-08-18T15:18:54+00:00
8132;2.3;2022-06-13T12:42:39+00:00
8135;3.24;2022-05-03T21:19:56+00:00
8137;1.2;2022-06-26T11:27:02+00:00
8140;7.04;2022-09-29T05:34:45+00:00
8148;1.17;2022-05-29T07:48:13+00:00
8154;1.05;2022-05-10T06:50:28+00:00
8156;1.42;2022-06-01T20:07:44+00:00
8157;0.4;2022-10-14T21:38:33+00:00
8170;0.18;2022-10-14T23:23:09+00:00
8171;4.49;2022-06-30T10:55:23+00:00
8175;0.89;2022-09-30T10:55:46+00:00
8194;0.61;2022-07-06T04:59:15+00:00
8198;1.73;2022-05-05T09:58:43+00:00
8199;0.68;2022-08-14T04:36:48+00:00
8205;2.64;2022-11-09T05:11:04+00:00
8209;4.83;2022-09-19T13:05:18+00:00
8221;11.39;2022-04-27T19:02:10+00:00
8226;1.88;2022-04-25T19:05:02+00:00
8230;2.53;2022-04-12T09:17:22+00:00
8234;5.65;2022-04-14T16:28:25+00:00
8245;1.52;2022-07-20T00:50:33+00:00
8247;4.05;2022-08-24T08:51:10+00:00
8248;10.2;2022-08-06T00:00:58+00:00
8250;12.35;2022-08-13T19:56:40+00:00
8257;3.93;2022-11-19T08:13:15+00:00
8259;1.42;2022-09-05T18:36:56+00:00
8262;3.4;2022-05-10T02:28:46+00:00
8266;1.78;2022-05-19T22:57:58+00:00
8275;5.27;2022-06-16T12:18:09+00:00
8276;7.18;2022-06-23T22:54:15+00:00
8277;2.88;2022-10-08T11:02:14+00:00
8279;11.73;2022-05-26T12:30:07+00:00
8282;4.62;2022-09-04T23:32:13+00:00
8283;9.79;2022-10-16T15:59:10+00:00
8284;7.54;2022-08-19T22:48:21+00:00
8285;1.94;2022-08-28T03:39:11+00:00
8287;3.71;2022-06-24T19:58:11+00:00
8298;4.8;2022-07-30T11:10:40+00:00
8299;6.41;2022-09-22T19:56:32+00:00
8308;5.5;2022-06-10T04:48:04+00:00
8311;3.01;2022-10-26T00:06:54+00:00
8314;0.55;2022-06-29T03:08:26+00:00
8317;8.78;2022-08-29T02:58:56+00:00
8326;7.67;2022-05-21T05:26:16+00:00
8328;1.3;2022-04-01T14:25:32+00:00
8329;0.62;2022-07-14T04:27:45+00:00
8330;5.3;2022-04-08T00:13:55+00:00
8332;3.12;2022-10-20T07:34:47+00:00
8340;2.82;2022-10-18T07:33:38+00:00
8341;1.19;2022-09-07T06:55:21+00:00
8346;8.77;2022-10-25T13:53:06+00:00
8364;3.98;2022-06-27T22:25:08+00:00
8365;2.16;2022-08-09T23:43:57+00:00
8367;2.53;2022-04-30T09:21:00+00:00
8369;9.73;2022-04-27T05:59:19+00:00
8372;4.39;2022-06-03T15:28:41+00:00
8377;0.99;2022-06-17T09:43:34+00:00
8379;3.57;2022-07-02T22:13:58+00:00
8388;5.7;2022-11-01T03:57:28+00:00
8390;1.01;2022-08-21T08:04:43+00:00
8394;3.86;2022-11-22T07:00:42+00:00
8396;3.13;2022-07-11T09:30:22+00:00
8397;3.94;2022-07-09T02:03:21+00:00
8405;4.38;2022-10-05T20:48:59+00:00
8406;2.2;2022-06-12T00:05:51+00:00
8413;4.2;2022-07-26T03:56:01+00:00
8420;1.43;2022-09-18T07:18:42+00:00
8425;3.71;2022-10-07T07:55:24+00:00
8428;2.69;2022-07-24T17:12:17+00:00
8430;0.3;2022-11-21T21:30:42+00:00
8436;1.27;2022-08-23T10:28:28+00:00
8441;1.96;2022-10-31T15:08:16+00:00
8449;7.73;2022-06-22T05:11:46+00:00
8455;2.7;2022-04-03T08:17:46+00:00
8457;0.9;2022-06-19T09:35:11+00:00
8460;2.82;2022-06-02T17:25:12+00:00
8463;2.41;2022-09-10T17:11:05+00:00
8464;3.22;2022-09-09T21:19:48+00:00
8469;0.98;2022-07-15T20:54:52+00:00
8472;3.63;2022-09-15T21:17:28+00:00
8476;0.77;2022-04-22T17:34:40+00:00
8479;0.79;2022-11-07T13:46:50+00:00
8484;0.56;2022-04-06T12:33:38+00:00
8488;0.44;2022-11-25T08:47:26+00:00
8493;2.76;2022-11-15T09:07:09+00:00
8507;0.31;2022-04-19T10:43:56+00:00
8508;0.85;2022-10-09T14:51:43+00:00
8518;7.72;2022-06-30T06:27:33+00:00
8522;5.28;2022-06-21T09:10:44+00:00
8525;0.54;2022-04-15T21:51:28+00:00
8534;1.21;2022-09-03T11:19:29+00:00
8537;0.56;2022-08-25T17:28:15+00:00
8549;4.71;2022-05-17T14:44:21+00:00
8552;0.39;2022-05-26T21:23:20+00:00
8557;0.88;2022-10-19T09:12:04+00:00
8564;1.92;2022-04-03T23:22:14+00:00
8567;1.69;2022-10-17T13:44:45+00:00
8569;5.04;2022-08-28T11:52:08+00:00
8570;5.07;2022-11-23T03:25:51+00:00
8573;1.52;2022-08-28T04:52:27+00:00
8579;2.14;2022-10-30T22:07:40+00:00
8583;9.7;2022-06-26T02:49:01+00:00
8584;5.05;2022-05-19T23:51:29+00:00
8595;2.19;2022-06-11T06:09:34+00:00
8602;7.76;2022-07-03T10:50:11+00:00
8604;7.17;2022-08-30T22:18:51+00:00
8611;0.58;2022-08-16T16:26:01+00:00
8612;1.11;2022-06-11T11:19:32+00:00
8617;1.1;2022-09-26T13:13:02+00:00
8623;1.24;2022-11-28T18:25:13+00:00
8638;1.4;2022-05-11T21:11:25+00:00
8647;4.76;2022-04-10T13:38:05+00:00
8648;1.75;2022-06-03T08:19:14+00:00
8659;2.33;2022-04-01T20:14:14+00:00
8660;3.57;2022-04-15T08:32:37+00:00
8663;1.37;2022-08-31T21:27:33+00:00
8669;1.69;2022-11-06T23:56:44+00:00
8672;4.57;2022-08-10T23:41:52+00:00
8675;2.07;2022-05-12T01:09:40+00:00
8687;10.41;2022-06-17T06:32:44+00:00
8689;7.67;2022-04-29T07:43:45+00:00
8691;1.38;2022-11-25T12:33:53+00:00
8695;2.1;2022-06-15T17:54:20+00:00
8706;1.13;2022-04-23T15:56:31+00:00
8707;1.09;2022-07-13T23:45:40+00:00
8708;1.07;2022-05-24T21:52:24+00:00
8710;5.5;2022-11-23T09:02:49+00:00
8715;0.9;2022-11-06T11:05:50+00:00
8716;1.2;2022-10-15T09:03:47+00:00
8725;1.69;2022-08-29T21:04:06+00:00
8728;2.97;2022-06-27T19:38:53+00:00
8739;1.35;2022-07-17T11:25:09+00:00
8744;2.35;2022-11-02T02:19:10+00:00
8746;8.09;2022-05-16T05:14:01+00:00
8751;2.35;2022-06-22T10:40:03+00:00
8756;8.63;2022-04-08T10:23:10+00:00
8757;0.59;2022-09-17T05:30:15+00:00
8761;2.16;2022-11-17T10:33:31+00:00
8764;1.03;2022-05-11T22:44:09+00:00
8765;1.55;2022-09-26T20:57:13+00:00
8766;0.65;2022-05-02T01:58:26+00:00
8767;0.35;2022-08-31T09:29:27+00:00
8770;0.45;2022-09-29T08:20:43+00:00
8774;2.69;2022-07-06T09:33:57+00:00
8775;0.52;2022-11-27T12:05:23+00:00
8776;1.56;2022-06-08T13:01:26+00:00
8778;1.31;2022-10-16T11:03:11+00:00
8780;0.55;2022-08-30T16:06:13+00:00
8781;1.31;2022-11-11T10:07:04+00:00
8784;1.01;2022-04-21T15:43:14+00:00
8787;0.76;2022-11-08T18:06:34+00:00
8788;2.34;2022-10-21T07:14:28+00:00
8789;2.46;2022-08-23T00:54:51+00:00
8795;1.83;2022-04-21T13:45:51+00:00
8798;6.81;2022-07-07T07:38:11+00:00
8809;0.17;2022-11-24T01:30:27+00:00
8810;0.42;2022-07-30T14:40:36+00:00
8815;3.04;2022-04-08T01:22:36+00:00
8816;6.15;2022-04-20T12:03:20+00:00
8822;2.51;2022-06-27T14:20:45+00:00
8825;5.41;2022-10-25T18:35:08+00:00
8830;4.58;2022-07-10T23:12:11+00:00
8832;6.17;2022-08-24T04:22:29+00:00
8834;3.35;2022-09-18T18:41:40+00:00
8837;4.8;2022-07-27T02:18:44+00:00
8838;5.76;2022-11-12T07:36:22+00:00
8843;3.43;2022-07-28T10:34:49+00:00
8855;0.45;2022-05-18T14:55:51+00:00
8859;1.73;2022-11-01T15:56:04+00:00
8866;3.96;2022-07-21T11:10:17+00:00
8875;0.78;2022-07-03T01:44:20+00:00
8880;4.23;2022-10-11T14:59:26+00:00
8885;0.65;2022-09-17T03:31:57+00:00
8886;0.73;2022-05-09T05:23:05+00:00
8902;1.13;2022-08-18T19:38:26+00:00
8903;0.62;2022-11-28T20:38:05+00:00
8905;1.47;2022-06-26T18:53:44+00:00
8916;7.69;2022-09-06T23:20:28+00:00
8919;1.41;2022-08-03T16:43:22+00:00
8927;0.31;2022-09-15T11:10:51+00:00
8931;10.24;2022-06-17T08:15:49+00:00
8936;1.09;2022-09-28T21:38:12+00:00
8937;0.44;2022-10-26T21:10:02+00:00
8938;0.48;2022-10-19T12:56:45+00:00
8942;0.75;2022-05-24T06:05:11+00:00
8946;0.35;2022-07-13T07:55:09+00:00
8948;1.06;2022-10-10T00:05:49+00:00
8951;3.48;2022-10-22T01:22:33+00:00
8958;0.24;2022-11-16T17:47:34+00:00
8959;1.07;2022-05-03T15:39:08+00:00
8963;0.84;2022-09-19T12:58:08+00:00
8972;1.51;2022-06-20T18:17:35+00:00
8980;2.16;2022-06-04T11:07:47+00:00
8985;1.46;2022-04-06T14:57:48+00:00
8986;0.99;2022-09-01T15:16:49+00:00
8988;2.24;2022-05-02T16:58:26+00:00
8989;0.42;2022-07-05T21:56:32+00:00
9002;0.42;2022-09-11T23:38:50+00:00
9003;1.28;2022-08-01T11:42:59+00:00
9005;0.54;2022-07-04T08:40:55+00:00
9006;2.19;2022-09-24T17:20:54+00:00
9007;4.1;2022-05-07T23:56:57+00:00
9011;1.33;2022-07-29T05:55:04+00:00
9036;1.6;2022-08-03T07:30:15+00:00
9044;5.22;2022-05-28T11:26:32+00:00
9045;5.97;2022-04-22T02:54:34+00:00
9054;2.0;2022-09-23T12:05:27+00:00
9055;6.99;2022-09-20T00:07:49+00:00
9058;1.55;2022-05-07T07:05:36+00:00
9059;0.91;2022-06-09T19:26:39+00:00
9060;0.52;2022-10-05T23:34:06+00:00
9063;2.68;2022-05-25T11:28:56+00:00
9073;0.89;2022-07-23T06:48:12+00:00
9080;0.66;2022-04-19T04:19:44+00:00
9083;3.22;2022-06-12T04:23:02+00:00
9090;12.76;2022-04-17T12:57:23+00:00
9092;10.18;2022-11-14T09:59:17+00:00
9098;2.61;2022-04-14T13:56:19+00:00
9099;1.92;2022-11-21T14:52:36+00:00
9100;10.41;2022-08-28T03:02:04+00:00
9101;7.78;2022-08-22T19:01:58+00:00
9117;8.87;2022-09-01T08:00:16+00:00
9122;3.48;2022-06-26T03:58:28+00:00
9127;4.43;2022-08-06T00:18:03+00:00
9137;7.86;2022-04-06T08:26:37+00:00
9138;11.49;2022-05-31T18:31:05+00:00
9144;1.91;2022-11-17T22:07:22+00:00
9172;2.62;2022-10-25T16:34:10+00:00
9180;1.8;2022-05-26T09:04:06+00:00
9190;8.22;2022-11-22T16:36:14+00:00
9201;1.42;2022-05-17T15:55:51+00:00
9208;5.58;2022-06-08T01:16:05+00:00
9214;1.54;2022-09-22T06:46:18+00:00
9215;3.37;2022-08-11T16:53:32+00:00
9241;1.65;2022-04-09T04:45:34+00:00
9243;2.27;2022-09-16T16:49:48+00:00
9247;2.5;2022-07-28T02:45:15+00:00
9256;2.24;2022-05-09T07:05:20+00:00
9262;3.26;2022-09-24T19:42:01+00:00
9265;2.15;2022-06-12T13:03:30+00:00
9267;3.62;2022-10-10T23:55:29+00:00
9269;1.78;2022-04-07T02:25:53+00:00
9278;4.11;2022-07-25T04:25:40+00:00
9282;6.89;2022-07-22T07:05:30+00:00
9284;0.61;2022-11-07T12:50:33+00:00
9288;8.12;2022-08-06T06:32:49+00:00
9290;3.32;2022-04-04T03:08:49+00:00
9293;1.48;2022-05-26T14:55:39+00:00
9300;3.19;2022-09-29T11:27:48+00:00
9313;1.93;2022-11-27T21:49:51+00:00
9316;7.04;2022-11-08T22:01:24+00:00
9322;7.83;2022-04-30T04:52:06+00:00
9324;7.78;2022-04-12T13:49:46+00:00
9330;8.0;2022-04-25T19:45:22+00:00
9332;1.66;2022-07-18T13:13:18+00:00
9333;5.36;2022-11-28T16:55:10+00:00
9334;3.12;2022-10-06T19:31:58+00:00
9336;6.39;2022-10-12T05:57:16+00:00
9347;3.08;2022-09-27T10:53:51+00:00
9351;5.65;2022-05-03T08:14:22+00:00
9360;1.34;2022-09-17T18:38:59+00:00
9376;1.96;2022-04-21T05:56:46+00:00
9377;3.8;2022-08-31T19:51:16+00:00
9378;10.38;2022-08-03T16:05:40+00:00
9381;4.81;2022-05-24T18:06:32+00:00
9388;9.76;2022-10-04T19:23:43+00:00
9402;5.84;2022-07-07T14:49:15+00:00
9411;11.48;2022-07-04T21:19:43+00:00
9413;4.34;2022-09-29T13:22:56+00:00
9422;5.46;2022-10-20T12:56:21+00:00
9428;4.47;2022-10-10T20:55:41+00:00
9429;8.27;2022-09-07T00:15:44+00:00
9436;2.97;2022-11-14T08:27:07+00:00
9437;10.42;2022-07-11T20:30:45+00:00
9446;13.04;2022-06-11T09:34:44+00:00
9447;12.74;2022-09-22T12:51:00+00:00
9448;2.07;2022-04-01T03:05:29+00:00
9450;4.21;2022-09-23T09:09:30+00:00
9452;7.7;2022-10-17T04:00:19+00:00
9455;1.51;2022-10-25T04:40:34+00:00
9464;7.0;2022-04-30T10:24:55+00:00
9465;2.38;2022-07-25T13:56:22+00:00
9466;9.68;2022-05-11T21:36:47+00:00
9471;2.84;2022-10-20T16:26:27+00:00
9479;2.8;2022-08-26T15:51:47+00:00
9483;7.1;2022-07-07T01:59:40+00:00
9486;2.33;2022-08-16T05:07:36+00:00
9489;7.09;2022-10-17T13:00:31+00:00
9491;4.54;2022-07-26T16:08:49+00:00
9496;6.57;2022-07-25T00:00:54+00:00
9504;3.65;2022-06-02T12:39:23+00:00
9508;2.19;2022-06-14T15:17:34+00:00
9522;6.52;2022-05-09T07:41:57+00:00
9539;2.86;2022-05-29T19:39:46+00:00
9543;4.87;2022-07-01T08:01:57+00:00
9567;3.75;2022-08-22T23:52:38+00:00
9571;2.44;2022-11-25T10:52:34+00:00
9576;1.84;2022-05-08T04:10:07+00:00
9577;11.18;2022-11-26T16:30:37+00:00
9578;3.2;2022-05-13T17:15:33+00:00
9590;2.16;2022-09-21T05:47:27+00:00
9591;0.9;2022-06-17T16:31:51+00:00
9592;6.98;2022-09-04T21:31:42+00:00
9593;12.5;2022-04-06T07:40:35+00:00
9598;4.44;2022-04-12T01:15:22+00:00
9599;8.6;2022-06-22T02:05:21+00:00
9601;2.88;2022-04-16T22:55:13+00:00
9605;6.26;2022-05-22T19:12:29+00:00
9608;2.97;2022-05-16T22:27:17+00:00
9617;7.32;2022-07-07T23:41:17+00:00
9620;1.97;2022-04-16T17:12:29+00:00
9627;2.15;2022-09-08T13:07:40+00:00
9633;2.64;2022-08-13T13:29:47+00:00
9636;6.29;2022-07-28T00:00:12+00:00
9648;4.0;2022-07-02T15:42:01+00:00
9658;2.82;2022-09-15T13:39:17+00:00
9661;3.07;2022-04-19T20:28:55+00:00
9669;10.6;2022-11-07T03:01:00+00:00
9676;1.5;2022-12-01T01:05:30+00:00
9677;6.6;2022-08-01T13:46:31+00:00
9678;3.46;2022-11-08T13:17:20+00:00
9684;2.44;2022-07-23T00:27:50+00:00
9686;6.83;2022-10-20T07:16:43+00:00
9690;1.93;2022-10-22T01:17:31+00:00
9702;8.67;2022-08-23T23:22:48+00:00
9703;3.94;2022-08-16T15:28:29+00:00
9705;2.45;2022-04-24T05:47:37+00:00
9707;6.15;2022-06-27T15:57:56+00:00
9709;2.51;2022-06-16T17:11:29+00:00
9710;9.76;2022-05-14T12:39:02+00:00
9711;3.18;2022-07-30T13:13:51+00:00
9712;6.94;2022-04-12T17:22:26+00:00
9713;5.84;2022-06-14T06:47:36+00:00
9714;10.3;2022-10-26T00:37:32+00:00
9716;1.67;2022-07-19T10:17:14+00:00
9718;2.2;2022-05-29T18:47:53+00:00
9723;3.87;2022-10-15T19:08:00+00:00
9725;2.01;2022-11-01T18:38:05+00:00
9726;9.64;2022-11-12T23:53:32+00:00
9730;2.47;2022-09-11T09:16:47+00:00
9733;4.88;2022-07-06T09:28:41+00:00
9754;4.85;2022-10-13T18:52:27+00:00
9755;2.62;2022-06-13T07:41:03+00:00
9758;5.23;2022-10-21T07:42:39+00:00
9762;2.31;2022-11-04T00:40:19+00:00
9766;10.43;2022-06-03T01:11:03+00:00
9776;13.43;2022-04-04T13:11:27+00:00
9787;3.97;2022-11-08T08:17:53+00:00
9790;1.31;2022-07-19T12:38:01+00:00
9792;2.35;2022-05-31T01:01:14+00:00
9796;2.17;2022-07-28T14:04:27+00:00
9799;10.38;2022-07-08T12:40:54+00:00
9801;3.19;2022-05-14T17:31:36+00:00
9808;2.88;2022-07-23T19:23:12+00:00
9818;3.08;2022-06-18T03:47:13+00:00
9819;1.73;2022-08-08T10:28:09+00:00
9821;1.09;2022-05-23T02:41:39+00:00
9825;5.34;2022-04-04T07:34:18+00:00
9826;0.74;2022-04-13T04:18:15+00:00
9831;2.56;2022-10-28T06:02:16+00:00
9832;1.48;2022-07-16T03:44:48+00:00
9835;1.91;2022-08-27T03:19:14+00:00
9840;2.14;2022-05-17T16:42:19+00:00
9843;5.31;2022-10-14T09:35:44+00:00
9849;7.51;2022-07-04T03:46:21+00:00
9853;4.03;2022-04-24T18:19:50+00:00
9866;4.34;2022-11-30T09:17:03+00:00
9869;3.68;2022-07-19T05:27:32+00:00
9879;1.68;2022-11-03T02:44:48+00:00
9884;3.38;2022-09-12T20:18:59+00:00
9887;2.52;2022-06-10T05:26:09+00:00
9891;6.8;2022-08-24T10:37:26+00:00
9894;7.82;2022-06-02T14:27:07+00:00
9897;1.6;2022-06-30T08:06:38+00:00
9899;12.25;2022-04-19T13:19:44+00:00
9907;4.14;2022-11-10T15:46:19+00:00
9914;6.18;2022-07-06T21:51:25+00:00
9922;5.61;2022-06-19T15:33:27+00:00
9924;8.32;2022-05-25T02:55:20+00:00
9944;7.6;2022-07-01T01:18:05+00:00
9946;5.86;2022-07-05T12:24:00+00:00
9947;2.23;2022-07-22T03:40:35+00:00
9951;5.54;2022-05-23T13:18:44+00:00
9956;4.06;2022-09-06T16:13:11+00:00
9957;6.26;2022-04-08T06:03:38+00:00
9965;0.87;2022-09-05T01:27:02+00:00
9966;5.25;2022-09-11T02:11:14+00:00
9968;2.93;2022-06-10T10:39:20+00:00
9970;0.58;2022-11-16T05:24:47+00:00
9973;2.23;2022-07-20T02:14:11+00:00
9980;1.81;2022-06-04T15:53:54+00:00
9992;11.82;2022-11-28T12:09:57+00:00
9993;1.35;2022-10-08T22:43:19+00:00
9994;11.15;2022-09-12T00:22:52+00:00
9998;1.31;2022-04-30T22:40:54+00:00
10004;0.75;2022-04-19T11:25:12+00:00
10005;1.03;2022-08-21T02:05:24+00:00
10014;6.45;2022-09-11T01:26:30+00:00
10023;9.48;2022-04-02T08:05:34+00:00
10025;3.46;2022-11-17T03:07:03+00:00
10033;1.04;2022-07-02T04:02:04+00:00
10037;2.51;2022-11-30T04:12:05+00:00
10040;3.5;2022-10-22T16:59:22+00:00
10045;2.46;2022-07-30T09:43:20+00:00
10053;3.48;2022-10-26T01:35:13+00:00
10054;7.7;2022-09-10T11:54:58+00:00
10056;9.91;2022-06-05T09:26:54+00:00
10058;4.49;2022-08-12T11:41:24+00:00
10062;8.57;2022-04-16T12:39:43+00:00
10068;2.42;2022-07-02T07:22:57+00:00
10071;3.33;2022-09-25T09:23:58+00:00
10074;3.57;2022-06-02T07:03:28+00:00
10078;9.42;2022-07-21T04:00:47+00:00
10082;5.52;2022-10-04T14:18:50+00:00
10091;4.04;2022-04-08T12:03:26+00:00
10092;2.26;2022-06-01T13:48:44+00:00
10094;2.58;2022-09-25T06:53:27+00:00
10103;2.03;2022-09-15T17:54:32+00:00
10117;1.15;2022-10-07T16:12:34+00:00
10119;2.22;2022-04-19T18:28:35+00:00
10121;2.18;2022-08-06T18:36:07+00:00
10122;9.71;2022-06-12T20:43:11+00:00
10124;6.54;2022-09-04T20:10:45+00:00
10130;7.7;2022-07-22T01:38:49+00:00
10135;1.84;2022-11-20T23:06:04+00:00
10137;9.29;2022-10-27T20:54:11+00:00
10148;3.2;2022-08-16T00:33:22+00:00
10151;9.08;2022-08-12T14:17:58+00:00
10165;4.4;2022-07-18T04:20:52+00:00
10168;7.06;2022-10-24T13:25:27+00:00
10171;5.7;2022-09-21T03:06:11+00:00
10173;4.72;2022-06-01T15:17:36+00:00
10180;3.11;2022-09-17T06:14:51+00:00
10181;3.24;2022-05-25T15:30:33+00:00
10189;3.25;2022-07-01T21:13:43+00:00
10190;6.72;2022-05-25T15:48:46+00:00
10193;2.64;2022-05-24T15:47:34+00:00
10198;6.73;2022-06-25T02:49:40+00:00
10199;1.56;2022-07-24T12:38:33+00:00
10200;7.01;2022-05-26T11:25:06+00:00
10207;2.44;2022-04-18T05:50:20+00:00
10208;2.71;2022-11-14T01:49:37+00:00
10213;3.5;2022-05-02T19:26:19+00:00
10214;0.53;2022-06-28T03:19:24+00:00
10219;2.47;2022-07-12T02:21:54+00:00
10221;5.34;2022-11-29T02:54:28+00:00
10228;2.62;2022-06-17T11:20:43+00:00
10230;10.04;2022-07-07T04:10:11+00:00
10231;3.36;2022-04-09T21:27:15+00:00
10241;8.92;2022-07-05T20:01:30+00:00
10242;9.53;2022-08-20T00:28:12+00:00
10246;1.24;2022-09-13T01:06:52+00:00
10247;3.84;2022-04-01T15:19:56+00:00
10249;6.23;2022-11-28T23:18:01+00:00
10256;3.63;2022-06-07T07:31:54+00:00
10265;7.69;2022-08-20T12:11:35+00:00
10279;3.23;2022-09-07T09:29:31+00:00
10283;1.31;2022-11-05T19:15:19+00:00
10286;3.0;2022-08-17T13:39:50+00:00
10297;1.93;2022-11-09T09:55:36+00:00
10298;2.93;2022-10-22T23:47:21+00:00
10300;2.68;2022-04-05T11:38:44+00:00
10304;5.7;2022-04-27T00:56:33+00:00
10311;1.7;2022-09-25T20:52:24+00:00
10315;2.04;2022-09-30T18:44:31+00:00
10320;0.91;2022-07-09T22:23:27+00:00
10327;2.48;2022-11-27T15:57:25+00:00
10328;1.98;2022-05-15T07:55:26+00:00
10332;1.65;2022-05-30T17:12:00+00:00
10333;0.36;2022-06-01T21:09:23+00:00
10335;1.02;2022-09-15T14:11:29+00:00
10350;0.92;2022-04-03T06:15:53+00:00
10352;3.59;2022-06-19T13:59:09+00:00
10359;0.77;2022-09-17T05:57:37+00:00
10360;0.33;2022-05-15T20:57:09+00:00
10367;0.5;2022-04-27T19:32:59+00:00
10377;2.17;2022-04-21T06:33:08+00:00
10378;1.21;2022-06-26T10:20:05+00:00
10382;3.15;2022-05-01T16:12:52+00:00
10384;1.69;2022-11-13T18:29:32+00:00
10386;3.59;2022-06-02T03:25:50+00:00
10387;4.24;2022-11-24T05:20:21+00:00
10394;8.02;2022-06-17T01:45:15+00:00
10395;9.53;2022-09-08T14:21:43+00:00
10399;1.9;2022-10-09T05:14:24+00:00
10401;5.65;2022-06-04T17:10:19+00:00
10403;1.77;2022-09-18T10:14:55+00:00
10409;0.1;2022-09-22T13:32:26+00:00
10413;1.92;2022-09-22T13:47:57+00:00
10417;0.17;2022-11-09T20:45:32+00:00
10419;1.22;2022-09-05T17:09:38+00:00
10425;1.54;2022-11-11T18:40:49+00:00
10429;1.87;2022-10-07T12:14:53+00:00
10432;1.69;2022-08-10T20:18:31+00:00
10435;0.14;2022-06-11T02:28:34+00:00
10438;7.58;2022-06-08T05:11:47+00:00
10439;5.67;2022-11-21T16:34:07+00:00
10444;4.43;2022-04-21T19:15:43+00:00
10451;3.61;2022-06-21T19:55:28+00:00
10465;1.34;2022-04-06T16:10:44+00:00
10474;0.96;2022-10-30T05:18:29+00:00
10475;1.18;2022-11-03T02:11:11+00:00
10476;0.75;2022-07-06T11:16:10+00:00
10483;0.42;2022-08-10T08:30:54+00:00
10485;0.86;2022-06-22T04:13:30+00:00
10489;0.47;2022-04-03T08:52:26+00:00
10497;5.84;2022-04-02T16:02:14+00:00
10498;2.02;2022-09-17T22:35:29+00:00
10504;3.46;2022-04-09T16:26:42+00:00
10510;3.56;2022-09-02T15:33:35+00:00
10512;1.07;2022-05-05T15:08:22+00:00
10515;1.98;2022-04-26T01:52:54+00:00
10524;5.07;2022-08-03T09:04:26+00:00
10527;0.4;2022-08-11T18:24:57+00:00
10537;2.23;2022-04-25T02:53:27+00:00
10539;1.54;2022-05-29T04:38:15+00:00
10544;0.95;2022-05-27T21:30:32+00:00
10547;0.37;2022-04-21T18:51:36+00:00
10558;1.1;2022-07-05T15:45:21+00:00
10563;4.23;2022-09-18T18:47:00+00:00
10565;0.45;2022-08-13T09:36:42+00:00
10570;1.27;2022-04-29T08:35:35+00:00
10571;2.32;2022-05-14T05:15:26+00:00
10572;2.12;2022-05-25T21:38:05+00:00
10579;7.36;2022-05-11T17:38:18+00:00
10588;2.72;2022-05-30T13:03:08+00:00
10593;0.54;2022-06-11T11:48:43+00:00
10596;14.38;2022-06-14T07:34:39+00:00
10600;2.96;2022-09-16T03:42:00+00:00
10609;3.5;2022-04-09T08:03:38+00:00
10610;4.01;2022-04-04T22:38:37+00:00
10612;8.71;2022-08-10T02:47:49+00:00
10626;11.07;2022-05-17T17:59:14+00:00
10636;3.12;2022-11-07T00:47:10+00:00
10638;2.74;2022-04-26T13:47:33+00:00
10640;1.36;2022-07-27T18:25:29+00:00
10641;6.55;2022-05-20T13:07:45+00:00
10647;2.33;2022-04-02T14:57:09+00:00
10649;1.08;2022-10-23T01:08:45+00:00
10653;1.11;2022-05-03T22:11:13+00:00
10658;6.18;2022-11-12T02:23:50+00:00
10662;9.87;2022-04-05T02:11:32+00:00
10663;0.57;2022-11-02T18:05:59+00:00
10664;6.62;2022-04-04T15:24:23+00:00
10665;4.18;2022-05-13T04:47:49+00:00
10668;0.96;2022-07-31T04:56:44+00:00
10669;3.56;2022-07-29T08:34:27+00:00
10671;3.94;2022-09-19T05:06:29+00:00
10673;7.13;2022-11-01T16:16:02+00:00
10683;9.57;2022-06-25T04:28:15+00:00
10684;4.07;2022-07-21T03:16:30+00:00
10694;2.16;2022-08-24T08:47:02+00:00
10701;10.76;2022-10-23T20:16:15+00:00
10706;13.81;2022-05-16T14:55:57+00:00
10713;4.28;2022-04-25T20:38:22+00:00
10714;0.58;2022-09-17T02:57:51+00:00
10718;0.94;2022-08-22T13:10:49+00:00
10722;2.92;2022-07-26T17:28:21+00:00
10723;3.62;2022-10-15T02:46:38+00:00
10724;3.35;2022-06-21T19:53:24+00:00
10731;2.87;2022-06-21T01:46:04+00:00
10734;2.74;2022-08-03T18:58:29+00:00
10739;2.97;2022-07-06T09:39:06+00:00
10746;6.48;2022-07-06T13:06:19+00:00
10748;2.33;2022-11-01T20:20:39+00:00
10753;6.97;2022-07-19T22:21:23+00:00
10754;8.86;2022-11-13T13:14:21+00:00
10756;1.67;2022-11-01T05:01:29+00:00
10758;3.38;2022-07-29T10:25:19+00:00
10762;2.99;2022-05-17T10:23:14+00:00
10764;6.14;2022-06-22T20:46:54+00:00
10770;3.08;2022-05-10T11:38:44+00:00
10771;1.8;2022-04-08T23:56:07+00:00
10773;1.45;2022-06-20T02:23:12+00:00
10777;2.6;2022-11-16T12:20:13+00:00
10781;2.05;2022-08-26T20:19:50+00:00
10785;7.01;2022-10-03T07:31:38+00:00
10787;2.48;2022-06-07T08:34:52+00:00
10795;3.53;2022-06-21T03:03:32+00:00
10799;8.24;2022-11-19T10:13:08+00:00
10802;6.82;2022-11-20T16:22:40+00:00
10815;3.24;2022-05-09T18:31:04+00:00
10820;3.08;2022-05-16T20:37:18+00:00
10821;3.93;2022-07-08T16:50:39+00:00
10823;4.09;2022-09-25T00:13:52+00:00
10825;8.56;2022-05-27T07:56:17+00:00
10826;6.76;2022-07-06T12:47:18+00:00
10831;5.64;2022-09-16T15:13:19+00:00
10853;1.6;2022-09-01T09:26:43+00:00
10861;2.91;2022-04-22T15:38:01+00:00
10865;2.1;2022-11-28T18:44:33+00:00
10870;6.75;2022-09-17T19:38:17+00:00
10871;1.74;2022-10-30T20:28:27+00:00
10875;1.75;2022-07-07T11:04:54+00:00
10878;8.11;2022-05-10T12:43:46+00:00
10888;2.45;2022-11-26T21:27:27+00:00
10891;1.4;2022-11-02T04:21:05+00:00
10906;4.54;2022-08-03T17:27:54+00:00
10911;7.97;2022-10-15T13:14:31+00:00
10915;13.55;2022-07-13T19:33:49+00:00
10916;1.2;2022-05-15T13:42:00+00:00
10918;2.5;2022-09-15T20:39:55+00:00
10921;3.46;2022-05-28T05:49:56+00:00
10926;8.23;2022-07-08T22:10:24+00:00
10934;3.26;2022-04-13T00:39:04+00:00
10936;10.75;2022-11-25T07:42:47+00:00
10942;2.68;2022-10-31T22:35:04+00:00
10943;9.87;2022-07-17T14:34:51+00:00
10945;2.05;2022-08-01T16:17:03+00:00
10949;5.67;2022-06-08T06:32:44+00:00
10958;5.78;2022-05-27T18:47:08+00:00
10959;11.82;2022-07-28T09:11:53+00:00
10964;4.37;2022-06-05T11:19:13+00:00
10974;3.21;2022-09-07T23:26:10+00:00
10975;6.83;2022-08-11T09:24:16+00:00
10979;5.8;2022-11-23T02:32:16+00:00
10981;1.71;2022-04-14T18:56:02+00:00
10986;1.23;2022-08-22T19:53:50+00:00
10992;2.42;2022-08-11T23:03:55+00:00
10993;0.88;2022-08-11T01:17:33+00:00
10997;2.39;2022-06-12T09:08:17+00:00
11003;0.47;2022-08-12T08:27:08+00:00
11004;1.28;2022-08-17T20:02:57+00:00
11005;0.79;2022-10-11T01:18:23+00:00
11006;1.05;2022-04-02T08:00:10+00:00
11007;3.14;2022-10-16T06:22:42+00:00
11022;2.62;2022-04-14T01:36:20+00:00
11032;8.21;2022-09-05T11:55:50+00:00
11033;5.72;2022-09-08T09:41:54+00:00
11035;2.94;2022-04-11T22:45:38+00:00
11037;1.98;2022-11-28T06:02:32+00:00
11038;1.68;2022-05-12T21:55:58+00:00
11041;0.71;2022-07-17T22:43:07+00:00
11043;1.09;2022-08-19T18:07:15+00:00
11044;0.92;2022-08-23T05:28:17+00:00
11050;1.7;2022-05-30T13:44:35+00:00
11057;1.24;2022-09-27T20:35:04+00:00
11068;6.54;2022-06-25T17:36:06+00:00
11072;1.37;2022-04-12T09:26:13+00:00
11075;0.29;2022-08-12T01:16:42+00:00
11079;0.24;2022-09-26T04:59:31+00:00
11081;0.96;2022-09-26T14:48:30+00:00
11082;4.04;2022-07-27T00:52:37+00:00
11095;1.51;2022-06-06T23:07:36+00:00
11098;3.0;2022-09-20T05:07:24+00:00
11103;1.74;2022-07-12T10:53:51+00:00
11104;1.16;2022-08-09T15:41:03+00:00
11119;0.34;2022-04-30T16:35:35+00:00
11121;1.41;2022-11-11T05:25:48+00:00
11132;11.67;2022-06-05T13:06:33+00:00
11135;3.63;2022-07-27T22:57:02+00:00
11137;0.44;2022-11-29T02:13:50+00:00
11143;0.29;2022-05-07T15:00:24+00:00
11152;8.89;2022-04-21T12:28:57+00:00
11156;0.35;2022-06-04T13:09:02+00:00
11161;1.44;2022-07-26T01:04:31+00:00
11179;0.63;2022-07-27T03:45:10+00:00
11191;1.16;2022-10-04T19:04:12+00:00
11195;6.43;2022-11-24T20:57:18+00:00
11203;7.36;2022-11-01T10:49:27+00:00
11206;0.39;2022-10-21T23:12:51+00:00
11207;0.73;2022-05-02T11:06:40+00:00
11211;2.4;2022-07-06T04:58:31+00:00
11214;1.49;2022-11-11T21:03:07+00:00
11218;1.19;2022-07-16T18:33:32+00:00
11219;0.52;2022-05-30T13:33:39+00:00
11221;0.16;2022-08-06T18:18:19+00:00
11230;0.56;2022-08-23T16:38:19+00:00
11231;4.0;2022-05-16T02:53:33+00:00
11233;0.49;2022-04-19T08:20:11+00:00
11234;2.92;2022-05-07T18:31:01+00:00
11236;1.77;2022-10-04T07:35:29+00:00
11240;9.23;2022-05-07T05:06:34+00:00
11248;1.54;2022-11-04T00:26:44+00:00
11253;0.55;2022-05-29T12:03:44+00:00
11254;0.85;2022-11-30T22:09:20+00:00
11265;10.24;2022-07-24T09:00:48+00:00
11268;0.38;2022-04-30T11:15:18+00:00
11273;1.63;2022-11-20T05:15:46+00:00
11279;1.72;2022-10-26T00:08:38+00:00
11283;9.52;2022-09-23T06:09:10+00:00
11286;4.61;2022-09-07T17:54:12+00:00
11289;1.83;2022-10-06T22:08:47+00:00
11295;1.58;2022-06-26T14:04:31+00:00
11297;0.83;2022-09-07T04:47:02+00:00
11302;5.18;2022-11-21T11:17:20+00:00
11311;1.6;2022-11-12T20:07:12+00:00
11315;5.92;2022-09-30T19:47:00+00:00
11316;4.06;2022-11-16T23:34:02+00:00
11333;2.21;2022-08-18T05:38:23+00:00
11349;1.79;2022-05-13T17:37:48+00:00
11354;0.68;2022-10-16T16:49:17+00:00
11361;4.89;2022-11-05T05:46:41+00:00
11364;3.06;2022-06-06T04:11:52+00:00
11365;1.96;2022-09-14T19:45:39+00:00
11367;0.77;2022-07-12T07:39:51+00:00
11369;0.49;2022-05-19T05:34:47+00:00
11371;1.33;2022-05-27T20:48:50+00:00
11372;1.44;2022-07-05T08:35:52+00:00
11376;7.02;2022-06-25T17:42:30+00:00
11386;2.32;2022-06-22T05:54:23+00:00
11392;1.98;2022-09-06T20:45:16+00:00
11401;1.0;2022-09-04T13:18:50+00:00
11402;0.13;2022-05-11T02:26:15+00:00
11411;0.34;2022-07-04T05:42:16+00:00
11418;1.16;2022-04-07T06:02:17+00:00
11424;1.96;2022-07-15T04:08:49+00:00
11427;2.86;2022-11-11T06:46:06+00:00
11433;0.45;2022-11-29T08:26:49+00:00
11435;4.09;2022-11-08T00:24:41+00:00
11438;1.33;2022-10-07T02:32:11+00:00
11440;3.65;2022-09-13T06:00:18+00:00
11441;2.47;2022-07-31T04:28:26+00:00
11443;2.96;2022-08-31T19:18:08+00:00
11449;1.8;2022-06-14T15:45:19+00:00
11452;1.82;2022-04-25T03:04:14+00:00
11453;9.39;2022-08-16T19:58:35+00:00
11455;0.72;2022-08-25T08:46:33+00:00
11458;1.54;2022-11-18T15:09:47+00:00
11467;0.37;2022-07-08T03:50:48+00:00
11470;0.67;2022-05-04T20:46:32+00:00
11477;0.71;2022-04-05T03:01:22+00:00
11482;0.58;2022-11-25T17:22:17+00:00
11485;0.83;2022-06-21T17:12:25+00:00
11490;0.96;2022-06-22T22:55:58+00:00
11496;2.43;2022-05-22T16:24:09+00:00
11498;2.72;2022-04-22T20:42:46+00:00
11509;2.72;2022-07-03T07:16:32+00:00
11523;0.7;2022-11-17T03:31:24+00:00
11526;5.54;2022-07-27T20:35:38+00:00
11532;2.62;2022-10-24T10:11:37+00:00
11541;0.63;2022-11-06T23:10:35+00:00
11542;1.43;2022-08-05T00:18:26+00:00
11556;2.89;2022-11-20T23:46:57+00:00
11563;3.85;2022-11-27T16:00:27+00:00
11577;6.4;2022-10-02T11:28:35+00:00
11580;1.54;2022-10-08T01:24:18+00:00
11587;3.62;2022-09-04T15:26:45+00:00
11607;3.18;2022-07-17T21:30:47+00:00
11614;1.37;2022-11-13T18:11:32+00:00
11619;2.67;2022-06-03T12:48:07+00:00
11625;3.0;2022-08-28T06:22:59+00:00
11626;0.95;2022-05-14T01:11:10+00:00
11629;1.52;2022-08-26T05:31:54+00:00
11630;10.13;2022-06-04T03:25:40+00:00
11635;2.07;2022-05-22T11:39:51+00:00
11648;2.28;2022-10-18T07:56:29+00:00
11650;0.31;2022-05-22T14:46:41+00:00
11656;1.01;2022-07-11T08:29:08+00:00
11672;2.25;2022-10-14T02:28:21+00:00
11680;0.71;2022-09-14T20:19:37+00:00
11681;1.22;2022-06-08T17:45:35+00:00
11686;0.81;2022-09-07T12:50:29+00:00
11699;1.55;2022-09-01T19:37:32+00:00
11702;0.52;2022-08-15T11:54:21+00:00
11703;1.15;2022-06-01T22:37:56+00:00
11708;3.3;2022-07-01T21:15:28+00:00
11710;1.77;2022-11-14T10:53:15+00:00
11712;5.01;2022-07-14T19:48:53+00:00
11717;1.97;2022-09-19T01:14:20+00:00
11722;2.95;2022-11-20T09:38:06+00:00
11726;12.0;2022-04-08T16:08:29+00:00
11730;1.81;2022-11-22T16:56:28+00:00
11735;1.11;2022-05-12T15:11:01+00:00
11748;1.09;2022-08-29T10:36:55+00:00
11749;3.17;2022-09-08T22:11:20+00:00
11754;0.78;2022-09-28T04:07:48+00:00
11757;1.96;2022-11-04T08:37:51+00:00
11762;0.22;2022-09-15T16:11:50+00:00
11769;5.24;2022-08-26T15:43:49+00:00
11771;4.53;2022-05-26T16:35:09+00:00
11777;0.62;2022-05-22T18:51:37+00:00
11782;1.33;2022-07-27T03:44:10+00:00
11783;1.06;2022-07-31T23:54:28+00:00
11793;1.39;2022-07-23T06:02:59+00:00
11801;2.31;2022-04-01T13:10:10+00:00
11806;4.07;2022-06-02T06:31:24+00:00
11808;5.06;2022-11-09T09:19:44+00:00
11812;2.73;2022-10-04T21:30:48+00:00
11816;9.24;2022-12-01T21:31:51+00:00
11821;2.51;2022-08-07T05:54:17+00:00
11823;2.61;2022-10-05T07:58:44+00:00
11825;5.48;2022-05-19T13:57:15+00:00
11832;1.88;2022-07-08T09:13:32+00:00
11843;5.88;2022-07-15T00:07:29+00:00
11846;5.1;2022-07-05T12:17:11+00:00
11859;5.83;2022-10-04T03:42:50+00:00
11863;2.7;2022-07-24T16:13:47+00:00
11864;5.56;2022-06-01T01:33:14+00:00
11866;9.04;2022-05-25T14:10:29+00:00
11879;3.71;2022-10-07T14:32:07+00:00
11880;2.15;2022-11-06T10:11:50+00:00
11890;2.56;2022-09-20T05:31:34+00:00
11893;6.7;2022-09-07T20:40:41+00:00
11894;8.93;2022-05-16T21:15:48+00:00
11900;9.32;2022-06-21T08:20:03+00:00
11905;5.1;2022-11-21T15:53:41+00:00
11909;2.52;2022-07-26T14:20:48+00:00
11910;4.74;2022-11-29T05:33:57+00:00
11914;1.7;2022-06-01T03:26:23+00:00
11923;3.63;2022-09-15T08:08:02+00:00
11934;6.43;2022-08-07T12:47:32+00:00
11960;9.3;2022-09-29T21:08:05+00:00
11964;1.82;2022-11-08T19:28:04+00:00
11976;1.93;2022-08-03T15:56:05+00:00
11978;3.1;2022-10-15T15:40:54+00:00
11981;0.98;2022-11-13T04:22:55+00:00
11984;8.18;2022-06-06T17:31:12+00:00
11989;1.94;2022-11-05T15:34:54+00:00
11991;4.33;2022-09-18T16:48:32+00:00
11992;4.13;2022-11-05T22:02:50+00:00
11998;3.37;2022-06-18T09:16:22+00:00
12004;3.5;2022-06-12T05:52:03+00:00
12020;3.09;2022-07-10T11:23:32+00:00
12024;7.27;2022-04-17T23:22:20+00:00
12026;1.44;2022-10-12T00:14:10+00:00
12033;9.29;2022-10-28T00:55:15+00:00
12046;1.42;2022-10-10T02:00:21+00:00
12062;5.97;2022-05-09T21:01:53+00:00
12070;0.5;2022-07-30T11:27:04+00:00
12071;4.34;2022-05-31T22:13:41+00:00
12078;3.76;2022-06-30T03:54:41+00:00
12079;13.22;2022-07-22T03:21:17+00:00
12087;8.18;2022-04-01T19:10:43+00:00
12090;1.44;2022-11-17T18:39:48+00:00
12091;9.62;2022-07-13T20:29:24+00:00
12095;8.84;2022-09-07T09:04:01+00:00
12100;4.94;2022-11-09T19:27:42+00:00
12106;1.16;2022-07-29T11:24:54+00:00
12107;11.53;2022-04-01T16:06:04+00:00
12108;2.64;2022-05-12T08:20:39+00:00
12113;3.37;2022-08-28T22:31:16+00:00
12121;6.11;2022-09-04T04:30:15+00:00
12123;9.7;2022-05-26T10:43:54+00:00
12127;0.69;2022-08-02T13:51:05+00:00
12133;1.36;2022-09-27T10:47:27+00:00
12135;0.87;2022-09-17T16:30:11+00:00
12143;6.44;2022-10-11T04:52:21+00:00
12144;10.18;2022-04-27T20:07:51+00:00
12145;11.02;2022-07-20T11:30:15+00:00
12152;5.49;2022-05-30T01:55:46+00:00
12153;12.32;2022-07-15T05:30:11+00:00
12161;7.11;2022-05-05T05:38:52+00:00
12167;3.73;2022-04-02T06:52:08+00:00
12168;13.7;2022-04-19T16:43:06+00:00
12169;1.98;2022-07-06T19:03:29+00:00
12173;3.59;2022-07-12T09:52:30+00:00
12175;3.24;2022-05-04T22:43:28+00:00
12179;2.88;2022-05-02T21:03:18+00:00
12195;2.41;2022-06-17T19:19:14+00:00
12197;5.0;2022-11-23T15:06:44+00:00
12207;9.19;2022-05-18T08:52:01+00:00
12215;1.81;2022-07-12T08:27:43+00:00
12222;4.2;2022-08-23T17:03:44+00:00
12226;11.6;2022-06-06T13:40:39+00:00
12228;6.74;2022-09-03T20:28:29+00:00
12238;5.41;2022-07-03T21:16:52+00:00
12246;3.59;2022-09-25T18:44:48+00:00
12258;2.73;2022-06-25T08:29:31+00:00
12268;9.82;2022-11-28T04:31:34+00:00
12269;3.54;2022-07-09T20:24:39+00:00
12270;1.19;2022-07-04T16:18:51+00:00
12280;10.37;2022-10-11T20:04:07+00:00
12283;2.87;2022-10-13T08:32:47+00:00
12285;1.26;2022-08-29T02:20:09+00:00
12289;7.74;2022-06-29T16:31:35+00:00
12291;2.69;2022-06-18T03:02:07+00:00
12293;4.42;2022-07-21T14:38:50+00:00
12296;13.2;2022-04-15T01:26:32+00:00
12300;2.94;2022-04-15T14:09:52+00:00
12302;1.93;2022-11-08T20:17:18+00:00
12306;7.62;2022-05-26T17:32:15+00:00
12312;9.19;2022-06-28T03:45:58+00:00
12315;9.98;2022-05-23T01:33:42+00:00
12317;13.68;2022-11-24T05:26:43+00:00
12321;4.63;2022-04-07T12:34:36+00:00
12322;13.0;2022-08-10T02:57:23+00:00
12324;2.22;2022-04-16T16:12:52+00:00
12326;4.04;2022-05-09T17:11:00+00:00
12329;11.13;2022-04-17T22:43:41+00:00
12336;5.28;2022-10-17T07:09:26+00:00
12354;3.66;2022-07-03T23:04:46+00:00
12355;6.59;2022-07-31T00:49:03+00:00
12358;9.1;2022-06-28T21:36:52+00:00
12368;3.89;2022-09-22T03:39:21+00:00
12374;3.06;2022-10-04T04:20:14+00:00
12375;6.65;2022-07-17T19:47:22+00:00
12377;7.21;2022-07-18T00:40:14+00:00
12383;1.69;2022-08-01T09:59:38+00:00
12385;5.94;2022-07-16T10:15:41+00:00
12388;2.73;2022-08-21T12:15:28+00:00
12399;5.53;2022-08-17T07:53:13+00:00
12404;3.73;2022-07-25T05:03:54+00:00
12408;0.97;2022-08-05T07:03:01+00:00
12411;0.92;2022-04-03T17:22:31+00:00
12412;6.95;2022-07-08T19:30:31+00:00
12414;6.52;2022-04-06T16:21:48+00:00
12428;3.39;2022-10-08T13:34:10+00:00
12432;7.84;2022-06-07T15:59:31+00:00
12434;5.31;2022-11-04T07:41:11+00:00
12436;8.46;2022-06-22T10:27:29+00:00
12442;4.89;2022-06-18T18:05:44+00:00
12453;4.47;2022-11-29T05:40:57+00:00
12455;3.42;2022-06-19T09:38:16+00:00
12456;12.25;2022-10-25T13:33:40+00:00
12458;2.72;2022-11-01T11:47:17+00:00
12462;6.49;2022-09-04T10:17:19+00:00
12466;10.12;2022-05-10T20:27:27+00:00
12473;3.95;2022-06-14T20:13:54+00:00
12475;13.64;2022-11-30T21:09:40+00:00
12477;13.37;2022-04-11T12:11:24+00:00
12481;11.12;2022-11-25T20:13:21+00:00
12483;6.94;2022-08-08T14:57:38+00:00
12486;2.8;2022-11-04T13:26:01+00:00
12489;12.26;2022-04-20T23:16:19+00:00
12497;2.16;2022-06-27T18:34:52+00:00
12498;14.14;2022-08-19T09:09:01+00:00
12514;9.42;2022-11-05T19:25:51+00:00
12515;2.67;2022-04-27T19:24:16+00:00
12524;0.76;2022-10-28T03:38:06+00:00
12526;9.03;2022-05-11T08:13:02+00:00
12527;13.67;2022-10-05T03:07:09+00:00
12529;1.41;2022-07-06T21:59:24+00:00
12546;2.12;2022-08-20T06:34:13+00:00
12551;6.44;2022-06-11T19:45:02+00:00
12555;3.48;2022-09-30T02:10:35+00:00
12563;1.16;2022-07-24T13:47:16+00:00
12577;10.68;2022-04-06T07:18:00+00:00
12583;1.6;2022-05-06T14:38:32+00:00
12588;2.44;2022-04-02T12:37:32+00:00
12592;10.52;2022-05-19T08:40:29+00:00
12604;10.94;2022-06-25T08:18:14+00:00
12606;7.6;2022-10-15T16:08:56+00:00
12607;9.29;2022-07-27T18:13:50+00:00
12620;7.25;2022-08-01T23:57:29+00:00
12625;5.77;2022-09-02T02:37:45+00:00
12626;1.72;2022-05-15T10:31:12+00:00
12629;14.37;2022-10-11T17:07:26+00:00
12634;5.36;2022-10-29T10:30:22+00:00
12635;7.4;2022-06-30T08:26:17+00:00
12646;4.3;2022-08-04T08:55:35+00:00
12650;3.42;2022-06-23T08:08:12+00:00
12669;2.29;2022-04-30T10:11:11+00:00
12678;2.25;2022-12-01T11:30:54+00:00
12679;5.41;2022-04-18T21:41:21+00:00
12691;2.03;2022-09-09T18:24:10+00:00
12692;3.4;2022-08-06T19:10:07+00:00
12696;1.95;2022-08-05T00:26:04+00:00
12698;11.22;2022-10-19T06:29:18+00:00
12712;6.12;2022-11-04T17:56:14+00:00
12715;2.72;2022-07-08T02:38:04+00:00
12726;1.75;2022-06-12T16:36:57+00:00
12732;2.59;2022-05-22T07:49:40+00:00
12736;2.1;2022-11-06T10:15:22+00:00
12740;5.53;2022-10-27T03:39:08+00:00
12744;1.46;2022-08-09T21:00:54+00:00
12754;1.01;2022-06-26T16:57:54+00:00
12755;1.59;2022-07-15T09:46:45+00:00
12758;4.44;2022-10-18T21:07:15+00:00
12764;10.11;2022-11-02T18:30:37+00:00
12776;2.3;2022-04-01T07:33:59+00:00
12778;6.84;2022-05-08T21:41:11+00:00
12779;11.08;2022-11-05T02:27:48+00:00
12782;6.7;2022-05-03T06:10:51+00:00
12783;4.87;2022-07-28T09:41:15+00:00
12789;4.85;2022-05-23T21:44:41+00:00
12791;1.52;2022-05-10T13:17:12+00:00
12800;1.55;2022-04-06T20:48:38+00:00
12813;0.94;2022-08-21T13:03:22+00:00
12835;9.53;2022-11-29T07:38:56+00:00
