product_id;category_id
933;8
8890;8
8588;8
8587;8
11327;8
8585;8
8584;8
6250;8
8583;8
116;8
11321;8
11319;8
11318;8
11317;8
11316;8
11315;8
11314;8
11313;8
11312;8
11311;8
11310;8
11309;8
11308;8
11307;8
11306;8
11305;8
11304;8
9056;8
8578;8
8577;8
7836;8
7019;8
711;8
7022;8
2;8
11281;8
3287;8
7172;8
11275;8
2721;8
8570;8
11265;8
11264;8
6259;8
11262;8
7245;8
6260;8
8566;8
8565;8
7023;8
2887;8
7134;8
538;8
6270;8
727;8
3275;8
3841;8
3269;8
11239;8
8556;8
734;8
3773;8
123;8
11231;8
3636;8
3635;8
3634;8
3260;8
3259;8
3633;8
743;8
744;8
7024;8
8774;8
3772;8
11771;8
747;8
748;8
8550;8
87;8
7025;8
11205;8
11204;8
11203;8
8773;8
7026;8
187;8
11197;8
3251;8
6293;8
7027;8
6294;8
2789;8
11174;8
11173;8
764;8
3621;8
3620;8
3619;8
770;8
11600;8
190;8
773;8
8769;8
7028;8
7029;8
7030;8
11152;8
7031;8
7032;8
776;8
7033;8
7034;8
7777;8
3839;8
192;8
7035;8
393;8
7036;8
8535;8
7267;8
3202;8
193;8
11132;8
11131;8
3604;8
7867;8
3201;8
7037;8
7038;8
398;8
7886;8
7039;8
791;8
401;8
3190;8
11100;8
11098;8
11097;8
8522;8
11093;8
8762;8
11084;8
802;8
3178;8
803;8
804;8
407;8
3592;8
3175;8
3591;8
807;8
6307;8
8761;8
8760;8
7907;8
11587;8
3167;8
11586;8
7916;8
7924;8
8759;8
11058;8
3590;8
6311;8
6316;8
7927;8
8756;8
8755;8
3583;8
827;8
8754;8
7280;8
3582;8
3581;8
11033;8
838;8
8753;8
8752;8
8751;8
3579;8
7291;8
8749;8
8748;8
8747;8
8746;8
7057;8
851;8
3123;8
8745;8
7969;8
10569;8
10568;8
10567;8
7063;8
8744;8
7538;8
8743;8
8742;8
7540;8
7541;8
3577;8
7544;8
8741;8
861;8
862;8
7545;8
3576;8
435;8
107;8
10532;8
7546;8
10530;8
866;8
867;8
868;8
869;8
870;8
7548;8
7549;8
871;8
872;8
7567;8
873;8
7569;8
7574;8
874;8
3575;8
876;8
877;8
878;8
879;8
63;8
881;8
7601;8
8737;8
8736;8
3574;8
62;8
118;8
8733;8
7075;8
124;8
219;8
7638;8
7078;8
7639;8
11653;8
3573;8
7086;8
10460;8
3572;8
3571;8
7654;8
11578;8
11577;8
7655;8
8896;8
10439;8
10438;8
8895;8
904;8
8893;8
6373;8
127;8
909;8
549;8
8713;8
3569;8
3568;8
3567;8
7663;8
3566;8
3565;8
24;8
8892;8
10413;8
11574;8
8891;8
11573;8
26;8
10397;8
6374;8
10395;8
10394;8
10392;8
10391;8
7714;8
10387;8
3564;8
10386;8
552;8
10384;8
10383;8
10382;8
8453;8
3563;8
10376;8
3562;8
3561;8
3560;8
3559;8
3558;8
938;8
6174;8
3557;8
6375;8
8702;8
11647;8
8889;8
6376;8
3556;8
3555;8
11554;8
3554;8
3553;8
3552;8
3550;8
962;8
3538;8
8434;8
3537;8
11539;8
3530;8
3526;8
8687;8
8686;8
6377;8
2834;8
3517;8
3516;8
6379;8
8682;8
8422;8
6393;8
3515;8
3510;8
242;8
8681;8
497;8
2831;8
2769;8
8057;8
6424;8
246;8
6425;8
1008;8
1009;8
3506;8
1012;8
6428;8
2768;8
8668;8
3827;8
258;8
6429;8
260;8
7778;8
8067;8
8858;8
3498;8
11644;8
3748;8
1044;8
1045;8
8190;8
8069;8
6436;8
3489;8
3487;8
2684;8
8944;8
3747;8
8653;8
606;8
6208;8
1071;8
3461;8
3455;8
8070;8
3454;8
11728;8
11788;8
3450;8
8648;8
8991;8
6893;8
3;8
11727;8
1097;8
1100;8
8825;8
6898;8
6908;8
6910;8
6914;8
8637;8
3746;8
8824;8
11726;8
3428;8
8822;8
1121;8
8820;8
76;8
1128;8
1129;8
8123;8
8126;8
11500;8
8127;8
7211;8
3734;8
3391;8
3732;8
11725;8
61;8
3730;8
5140;8
290;8
11496;8
11724;8
11494;8
6928;8
48;8
6215;8
7144;8
3717;8
60;8
58;8
6929;8
6931;8
7146;8
1167;8
1169;8
11780;8
50;8
49;8
1174;8
3365;8
8619;8
8618;8
8816;8
3364;8
6933;8
7151;8
11784;8
6934;8
6944;8
11472;8
7152;8
644;8
645;8
646;8
5492;8
9045;8
7153;8
9044;8
3348;8
7154;8
653;8
654;8
655;8
11453;8
656;8
3826;8
117;8
6953;8
2613;8
3346;8
11441;8
11440;8
6969;8
11437;8
3876;8
11435;8
6970;8
11623;8
6973;8
7779;8
8804;8
2942;8
3666;8
3340;8
3339;8
3338;8
3337;8
3664;8
11710;8
675;8
676;8
3336;8
3335;8
678;8
8931;8
3333;8
11390;8
11709;8
11374;8
11373;8
11706;8
6986;8
2604;8
6987;8
3842;8
506;8
3877;8
688;8
689;8
11348;8
11343;8
3299;8
7240;8
6248;8
10993;14
11005;14
319;11
320;11
7621;11
8444;11
11215;11
7709;11
8802;11
8601;11
3341;11
10385;11
11558;11
3665;11
6170;11
128;11
8600;11
325;11
7688;11
6360;11
8999;11
3551;11
957;11
958;11
7098;11
2865;11
961;11
3831;11
8998;11
3539;11
326;11
11545;11
66;11
3660;11
8997;11
3659;11
10321;11
2695;11
454;11
3658;11
10320;11
3888;11
10378;11
863;11
6151;11
3522;11
3521;11
3518;11
3657;11
8905;11
3655;11
11394;11
8878;11
753;11
754;11
3332;11
2883;11
11391;11
8918;11
3331;11
3650;11
8598;11
2293;11
8544;11
3624;11
8017;11
7629;11
758;11
89;11
8677;11
3830;11
5071;11
11529;11
6147;11
6992;11
8676;11
11602;11
5074;11
5070;11
8675;11
251;11
3649;11
8674;11
253;11
254;11
11053;11
2920;11
2919;11
524;11
3648;11
11363;11
10468;11
6993;11
2875;11
8860;11
7232;11
7233;11
5126;11
2600;11
8857;11
8663;11
8662;11
8197;11
8196;11
3305;11
593;11
11748;11
6156;11
8946;11
11347;11
11346;11
534;11
3623;11
11342;11
1049;11
6443;11
9003;11
8855;11
8854;11
7235;11
8945;11
6994;11
1057;11
1058;11
6995;11
3473;11
7196;11
7197;11
7198;11
7126;11
142;11
5105;11
8757;11
10360;11
8846;11
10529;11
11166;11
11165;11
6000;11
2878;11
11164;11
5068;11
11524;11
11523;11
11522;11
8845;11
2756;11
6211;11
824;11
6620;11
10528;11
149;11
908;11
10526;11
2827;11
11670;11
8841;11
829;11
6897;11
11320;11
8103;11
830;11
831;11
6212;11
17;11
832;11
3216;11
8913;11
6157;11
833;11
834;11
835;11
11629;11
191;11
8635;11
8897;11
2674;11
7972;11
7699;11
3427;11
3416;11
3415;11
2826;11
7704;11
3414;11
3413;11
7705;11
3412;11
8146;11
2918;11
3745;11
3613;11
11301;11
3645;11
6996;11
5075;11
6044;11
11504;11
3401;11
6997;11
6998;11
3744;11
6999;11
9002;11
7215;11
2729;11
7743;11
10458;11
10457;11
7171;11
8906;11
6046;11
1149;11
7710;11
7571;11
10455;11
7708;11
5086;11
11274;11
11273;11
11272;11
9046;11
9024;11
11271;11
11270;11
11269;11
6325;11
7962;11
11266;11
3387;11
7873;11
1168;11
7652;11
211;11
7104;11
3373;11
7059;11
5073;11
2895;11
11258;11
719;11
790;11
6036;11
7892;11
3835;11
6150;11
7899;11
11482;11
5097;11
641;11
3355;11
7846;11
6946;11
11476;11
11475;11
11474;11
11473;11
7274;11
10449;11
6947;11
643;11
728;11
11467;11
7114;11
730;11
731;11
647;11
7900;11
402;11
2879;11
10372;11
7531;11
7533;11
7534;11
10491;11
11604;11
9001;11
7095;11
11230;11
363;11
7901;11
75;11
11089;11
6958;11
7902;11
6959;11
741;11
3180;11
5072;11
7903;11
7742;11
7613;11
7535;11
10379;11
8707;11
3815;11
8703;11
317;11
318;11
3165;5
11061;5
11060;5
7277;5
413;5
414;5
11051;5
3161;5
6082;5
3158;5
3156;5
3155;5
3154;5
11044;5
11043;5
11042;5
1549;5
11041;5
7279;5
7283;5
11037;5
7285;5
11035;5
7287;5
7044;5
417;5
11004;5
6102;5
419;5
6110;5
10990;5
10989;5
7500;5
6126;5
7051;5
6129;5
10984;5
7511;5
7061;5
427;5
428;5
430;5
3108;5
7539;5
7542;5
7543;5
6130;5
10548;5
6131;5
6133;5
7064;5
10543;5
10527;5
10525;5
10519;5
10518;5
10517;5
7554;5
7561;5
7568;5
7578;5
7579;5
10499;5
438;5
7585;5
3061;5
7600;5
7073;5
3050;5
7614;5
7623;5
7625;5
10479;5
7627;5
7074;5
10474;5
10473;5
7630;5
7080;5
7650;5
7651;5
10463;5
10462;5
10459;5
10456;5
10454;5
10450;5
7093;5
7096;5
7097;5
451;5
6155;5
10431;5
21;5
10428;5
10426;5
10425;5
10424;5
10423;5
22;5
10420;5
7673;5
6163;5
10415;5
25;5
7689;5
7691;5
10404;5
10396;5
10390;5
10500;5
3881;5
10381;5
10380;5
10371;5
3880;5
10367;5
7737;5
2952;5
2953;5
2951;5
2950;5
3879;5
10343;5
2945;5
3878;5
10335;5
10334;5
10332;5
10331;5
10330;5
5112;5
10324;5
3874;5
2933;5
10238;5
2932;5
9991;5
2927;5
2926;5
2922;5
7111;5
9061;5
3866;5
3865;5
9058;5
9057;5
2913;5
2912;5
2910;5
9050;5
9049;5
9048;5
9047;5
9043;5
3864;5
3863;5
3862;5
9037;5
3860;5
9032;5
9031;5
9029;5
9028;5
2908;5
2906;5
9025;5
11669;5
9017;5
2903;5
7746;5
11668;5
11667;5
2901;5
2898;5
9000;5
11665;5
3853;5
8993;5
11663;5
11662;5
11661;5
8988;5
11660;5
7749;5
7115;5
3849;5
8975;5
3846;5
8973;5
8971;5
3844;5
8969;5
8968;5
8967;5
8966;5
8965;5
8964;5
7750;5
8961;5
7752;5
11772;5
2848;5
7756;5
7757;5
8952;5
498;5
3843;5
11654;5
2822;5
8939;5
501;5
502;5
2806;5
503;5
8935;5
7772;5
8932;5
8928;5
8927;5
8926;5
8925;5
2796;5
2791;5
507;5
8920;5
8919;5
2785;5
8910;5
511;5
8907;5
2782;5
2770;5
3829;5
3828;5
518;5
519;5
520;5
6166;5
8879;5
5153;5
8875;5
5136;5
8865;5
8864;5
8856;5
8848;5
8847;5
2755;5
2751;5
527;5
2749;5
8819;5
8818;5
2740;5
8815;5
8814;5
2739;5
3824;5
2738;5
6167;5
2736;5
2735;5
7123;5
7124;5
8789;5
8788;5
8787;5
8786;5
7783;5
7790;5
3808;5
3806;5
8776;5
8772;5
8771;5
8770;5
8768;5
8767;5
8766;5
8765;5
8764;5
8763;5
8758;5
541;5
8739;5
2698;5
542;5
544;5
545;5
8726;5
125;5
126;5
8720;5
2697;5
11649;5
3805;5
11648;5
8699;5
8696;5
2696;5
8694;5
8693;5
8692;5
8691;5
8688;5
8685;5
8683;5
2694;5
8680;5
11645;5
8678;5
8673;5
8671;5
3797;5
8669;5
8667;5
558;5
3796;5
129;5
8664;5
2693;5
2687;5
2686;5
2685;5
3795;5
2681;5
3794;5
7791;5
3793;5
7792;5
3792;5
8640;5
3791;5
2677;5
8632;5
7799;5
7800;5
7801;5
568;5
7805;5
7806;5
2636;5
7809;5
7811;5
2628;5
8613;5
2618;5
7815;5
3790;5
2611;5
2609;5
2605;5
3789;5
8599;5
8596;5
8595;5
2602;5
7817;5
7820;5
3781;5
7822;5
7824;5
7829;5
7834;5
7840;5
8571;5
7841;5
3780;5
3779;5
7845;5
574;5
575;5
130;5
6168;5
7862;5
7863;5
8543;5
3766;5
7866;5
8540;5
8538;5
8537;5
8536;5
8527;5
3760;5
3759;5
8513;5
8512;5
7925;5
7926;5
7930;5
7935;5
7937;5
7939;5
7940;5
7941;5
7946;5
7947;5
7950;5
7951;5
7960;5
7965;5
7966;5
7971;5
3758;5
8487;5
585;5
8486;5
8485;5
8484;5
8483;5
8482;5
8481;5
8480;5
8479;5
8478;5
8477;5
8476;5
8475;5
8473;5
7976;5
7977;5
7978;5
7979;5
7980;5
8460;5
7981;5
7984;5
7985;5
8454;5
7986;5
7993;5
8443;5
8442;5
8441;5
8439;5
8438;5
8437;5
8436;5
7994;5
3751;5
7995;5
5109;5
7997;5
7998;5
7999;5
8004;5
8005;5
8423;5
8009;5
8420;5
8419;5
8418;5
8415;5
8058;5
8059;5
8060;5
8409;5
8408;5
8407;5
8061;5
8062;5
8402;5
8401;5
5154;5
8063;5
590;5
8068;5
591;5
592;5
594;5
5133;5
5159;5
6;5
6183;5
140;5
6189;5
5104;5
5103;5
8172;5
147;5
8081;5
8082;5
8090;5
8096;5
8100;5
151;5
8118;5
614;5
8152;5
8150;5
8149;5
8119;5
8121;5
616;5
8138;5
3733;5
3731;5
5102;5
5101;5
5156;5
7145;5
5130;5
633;5
7147;5
5098;5
7148;5
7149;5
648;5
5129;5
5128;5
657;5
11626;5
11625;5
11624;5
3691;5
3682;5
3677;5
665;5
5162;5
7165;5
5092;5
3651;5
682;5
683;5
11618;5
6240;5
763;5
6007;5
692;5
3647;5
6244;5
6249;5
3646;5
698;5
699;5
700;5
6251;5
6252;5
8;5
5089;5
6254;5
6258;5
709;5
712;5
11608;5
5088;5
9;5
6267;5
7173;5
722;5
723;5
41;5
6268;5
11607;5
11606;5
7174;5
11605;5
7175;5
745;5
6290;5
6291;5
3629;5
5087;5
3628;5
7176;5
762;5
3622;5
7177;5
11597;5
7178;5
779;5
3612;5
3611;5
6010;5
3598;5
789;5
11592;5
3597;5
6012;5
795;5
796;5
797;5
3596;5
11591;5
6296;5
3595;5
809;5
810;5
811;5
814;5
815;5
816;5
6317;5
7186;5
3586;5
3585;5
3584;5
202;5
6320;5
3580;5
6321;5
6322;5
6323;5
845;5
6324;5
6326;5
6328;5
213;5
214;5
855;5
43;5
11580;5
216;5
217;5
11579;5
882;5
218;5
885;5
886;5
887;5
888;5
889;5
891;5
892;5
6368;5
894;5
895;5
902;5
903;5
11735;5
907;5
910;5
911;5
46;5
224;5
920;5
11734;5
926;5
11733;5
231;5
939;5
940;5
11562;5
11561;5
11560;5
11555;5
955;5
3542;5
3540;5
11544;5
11543;5
11542;5
11540;5
5;5
975;5
3523;5
978;5
6378;5
6380;5
6381;5
6382;5
6411;5
3509;5
996;5
11532;5
6416;5
11732;5
3508;5
11531;5
11731;5
3507;5
47;5
1017;5
11729;5
1021;5
256;5
3505;5
3504;5
257;5
261;5
3503;5
1031;5
1033;5
1034;5
3501;5
3499;5
1037;5
1038;5
3493;5
263;5
1042;5
1043;5
3491;5
3490;5
1052;5
3488;5
6444;5
3485;5
3479;5
6452;5
6457;5
3463;5
1067;5
1068;5
1069;5
1070;5
6503;5
3453;5
1081;5
11521;5
7203;5
11517;5
7204;5
7205;5
7206;5
1094;5
7207;5
5157;5
7208;5
6915;5
1107;5
1108;5
3430;5
1110;5
3429;5
6926;5
11516;5
3410;5
1124;5
3408;5
3407;5
1130;5
3404;5
11499;5
11498;5
3396;5
1142;5
3389;5
1145;5
1146;5
1156;5
11492;5
11491;5
11490;5
11489;5
1161;5
11488;5
1165;5
3379;5
3378;5
1173;5
6932;5
1177;5
1178;5
297;5
3363;5
3362;5
11480;5
11471;5
6949;5
303;5
304;5
7226;5
6951;5
11462;5
11461;5
11460;5
11459;5
11720;5
6952;5
11718;5
11454;5
11452;5
11450;5
11449;5
11446;5
11436;5
1230;5
6975;5
3345;5
3344;5
3343;5
11423;5
5611;5
5865;5
6976;5
6977;5
11412;5
6978;5
6979;5
6980;5
6981;5
6982;5
11398;5
11396;5
11395;5
11393;5
3326;5
6983;5
3324;5
11368;5
11367;5
3323;5
7231;5
11364;5
339;5
11355;5
70;5
11349;5
11344;5
11336;5
5999;5
11333;5
7244;5
11330;5
4775;5
11326;5
11325;5
11324;5
11323;5
11322;5
11303;5
6049;5
348;5
11293;5
7015;5
353;5
11289;5
7021;5
11282;5
11276;5
6050;5
6052;5
6058;5
11260;5
11259;5
3279;5
7246;5
11255;5
11253;5
11252;5
11251;5
11250;5
11249;5
11248;5
11247;5
11246;5
11245;5
11244;5
7252;5
3268;5
11236;5
11235;5
6059;5
84;5
3267;5
3263;5
11226;5
3262;5
364;5
365;5
6004;5
11218;5
86;5
3257;5
7254;5
11209;5
11208;5
11202;5
372;5
11196;5
11191;5
11188;5
3252;5
6062;5
3247;5
11179;5
3246;5
7255;5
3222;5
11172;5
3221;5
11170;5
3220;5
3219;5
3218;5
3217;5
90;5
91;5
378;5
11158;5
3211;5
6063;5
93;5
388;5
5155;5
6064;5
6066;5
11138;5
11136;5
11133;5
11699;5
11129;5
11128;5
7271;5
11121;5
7040;5
7272;5
11115;5
11114;5
7273;5
3188;5
3186;5
7275;5
403;5
11090;5
11088;5
6079;5
7276;5
7042;5
6081;5
11077;5
7043;5
409;5
410;5
411;5
412;5
11069;5
3168;5
3166;5
3316;9
5148;9
5147;9
5146;9
5145;9
5144;9
5138;9
5137;9
5135;9
5131;9
5125;9
5124;9
5113;9
5111;9
5110;9
5108;9
5107;9
5106;9
5100;9
5099;9
5096;9
5095;9
5094;9
5069;9
5067;9
5025;9
5019;9
5000;9
4962;9
4921;9
4782;9
85;9
11762;9
115;9
11760;9
121;9
134;9
135;9
136;9
137;9
11758;9
11756;9
11755;9
11754;9
11753;9
156;9
157;9
158;9
159;9
160;9
161;9
11752;9
11751;9
11750;9
174;9
177;9
186;9
194;9
195;9
196;9
212;9
221;9
226;9
228;9
229;9
249;9
250;9
262;9
13;9
16;9
286;9
288;9
289;9
305;9
321;9
322;9
343;9
344;9
345;9
346;9
357;9
358;9
359;9
361;9
362;9
366;9
368;9
369;9
373;9
374;9
376;9
377;9
384;9
385;9
389;9
390;9
391;9
404;9
406;9
415;9
418;9
420;9
421;9
423;9
431;9
432;9
433;9
436;9
437;9
439;9
11690;9
452;9
457;9
458;9
461;9
31;9
485;9
504;9
33;9
521;9
522;9
523;9
531;9
540;9
543;9
546;9
547;9
548;9
555;9
560;9
577;9
578;9
580;9
586;9
588;9
589;9
596;9
597;9
598;9
599;9
600;9
601;9
603;9
604;9
605;9
607;9
608;9
609;9
610;9
611;9
612;9
613;9
624;9
626;9
35;9
36;9
632;9
11785;9
11783;9
650;9
651;9
666;9
670;9
11614;9
690;9
691;9
694;9
695;9
696;9
701;9
702;9
703;9
704;9
706;9
707;9
708;9
715;9
716;9
717;9
718;9
720;9
4;9
726;9
746;9
749;9
751;9
752;9
759;9
761;9
772;9
777;9
780;9
784;9
786;9
787;9
794;9
800;9
808;9
818;9
819;9
820;9
828;9
11583;9
11581;9
843;9
844;9
846;9
847;9
848;9
849;9
850;9
852;9
853;9
854;9
859;9
860;9
865;9
883;9
890;9
893;9
897;9
905;9
906;9
918;9
922;9
11572;9
11570;9
11564;9
932;9
934;9
935;9
942;9
11559;9
979;9
983;9
986;9
987;9
988;9
989;9
990;9
991;9
994;9
998;9
999;9
1002;9
1003;9
1004;9
1005;9
1006;9
1013;9
1015;9
11528;9
1018;9
1019;9
1020;9
1022;9
1025;9
1026;9
1027;9
1028;9
1029;9
1032;9
1041;9
1048;9
1050;9
1055;9
1064;9
1065;9
1074;9
1076;9
11520;9
11519;9
11518;9
1092;9
1093;9
1096;9
1098;9
1099;9
1102;9
1103;9
1104;9
1105;9
1106;9
1112;9
1117;9
1132;9
1144;9
1147;9
1148;9
11497;9
11495;9
11493;9
1163;9
1164;9
1176;9
1180;9
11485;9
11483;9
11478;9
11477;9
11470;9
11469;9
11468;9
11466;9
11464;9
11463;9
11457;9
11456;9
11455;9
11448;9
11445;9
11442;9
11438;9
11434;9
11433;9
11432;9
11431;9
11430;9
11429;9
11428;9
11422;9
11420;9
11419;9
11417;9
11416;9
11411;9
11406;9
11405;9
11404;9
11403;9
11402;9
11401;9
11387;9
11375;9
1276;9
11372;9
11370;9
11369;9
11357;9
11356;9
11339;9
11337;9
11334;9
11329;9
11328;9
11299;9
11298;9
11297;9
11296;9
11295;9
11294;9
11292;9
11291;9
11290;9
11288;9
11287;9
11268;9
11267;9
11263;9
11254;9
11233;9
11232;9
11229;9
11222;9
11221;9
11220;9
11219;9
11217;9
11207;9
11206;9
11199;9
11198;9
11186;9
11180;9
11178;9
11161;9
11160;9
11159;9
11157;9
11156;9
11155;9
11151;9
11150;9
11149;9
11148;9
11146;9
11145;9
11144;9
11143;9
11142;9
11141;9
11140;9
11139;9
11137;9
11130;9
11124;9
11123;9
11122;9
11120;9
11119;9
11109;9
11101;9
11091;9
11083;9
11080;9
11079;9
11078;9
11075;9
11074;9
11073;9
11072;9
11070;9
1536;9
11052;9
11049;9
11019;9
11018;9
11003;9
11002;9
10999;9
10987;9
10986;9
10985;9
10982;9
10981;9
10649;9
10574;9
10573;9
10565;9
10564;9
10549;9
10547;9
10545;9
10544;9
10542;9
10541;9
10538;9
10495;9
10494;9
10489;9
10477;9
10476;9
10472;9
1657;9
10466;9
10461;9
10448;9
10447;9
10445;9
10437;9
10436;9
10435;9
10434;9
10433;9
10432;9
10430;9
10429;9
10427;9
10422;9
10421;9
10417;9
10416;9
10414;9
10402;9
1729;9
10370;9
10346;9
10340;9
10338;9
10333;9
10329;9
10323;9
10322;9
9667;9
9060;9
9059;9
9042;9
9041;9
9039;9
9034;9
9033;9
9022;9
9013;9
9012;9
9011;9
9005;9
8996;9
8995;9
8992;9
8990;9
8989;9
8987;9
8984;9
8982;9
8974;9
8970;9
8950;9
8948;9
8947;9
8942;9
8938;9
8937;9
8936;9
8934;9
8930;9
8929;9
8921;9
1900;9
8911;9
8909;9
8908;9
8904;9
8903;9
8902;9
8898;9
8886;9
8885;9
8884;9
8883;9
8882;9
8881;9
8877;9
8874;9
8863;9
8862;9
8835;9
8823;9
8810;9
8809;9
8807;9
8803;9
8793;9
8792;9
8791;9
8790;9
8780;9
8779;9
8778;9
8777;9
8775;9
8750;9
8732;9
8731;9
8730;9
8729;9
8723;9
8722;9
8716;9
8715;9
2055;9
8706;9
8705;9
8704;9
8701;9
8697;9
8679;9
8670;9
8666;9
2093;9
8665;9
8661;9
8654;9
8650;9
8645;9
8641;9
8638;9
8636;9
8628;9
8609;9
8605;9
8590;9
8562;9
8561;9
8558;9
8557;9
8555;9
8554;9
8553;9
8552;9
8551;9
8542;9
8520;9
8517;9
8488;9
2241;9
8450;9
8432;9
8430;9
8400;9
8328;9
8199;9
8198;9
8195;9
8194;9
8193;9
8192;9
8188;9
8186;9
8185;9
8184;9
8183;9
8182;9
8181;9
8179;9
8178;9
8177;9
8176;9
8175;9
8170;9
8169;9
8166;9
8157;9
8156;9
8154;9
8153;9
8144;9
8139;9
8129;9
2370;9
8120;9
8111;9
8110;9
8108;9
8102;9
8101;9
8095;9
8091;9
8088;9
8086;9
8085;9
8084;9
8083;9
8064;9
8029;9
8028;9
8025;9
8024;9
8021;9
8020;9
8019;9
8013;9
8010;9
8007;9
8003;9
8002;9
8001;9
8000;9
7992;9
7991;9
7990;9
7989;9
7988;9
7987;9
7982;9
7974;9
7967;9
7959;9
7958;9
7949;9
7948;9
7945;9
7944;9
7942;9
7938;9
7934;9
7933;9
7932;9
7919;9
7912;9
7894;9
7884;9
7883;9
7864;9
7861;9
7860;9
7852;9
7850;9
7848;9
7847;9
7839;9
7838;9
7865;9
7823;9
2601;9
2603;9
7816;9
2607;9
2608;9
2610;9
2614;9
2615;9
2616;9
2622;9
2624;9
2625;9
7808;9
2635;9
2637;9
2638;9
2639;9
2640;9
2641;9
2642;9
2643;9
2649;9
2653;9
2664;9
7798;9
7793;9
2692;9
2702;9
2703;9
2704;9
2705;9
2706;9
2707;9
2708;9
2709;9
2713;9
2717;9
2718;9
7788;9
2722;9
7780;9
2741;9
2742;9
2743;9
2744;9
2745;9
2746;9
2754;9
2757;9
2758;9
2759;9
2760;9
2761;9
2762;9
2763;9
2765;9
2766;9
2772;9
2773;9
2774;9
2775;9
2776;9
2786;9
2790;9
2793;9
7774;9
2797;9
7771;9
7770;9
7768;9
2817;9
2818;9
7763;9
7762;9
7761;9
7760;9
7759;9
7758;9
2838;9
2839;9
2842;9
2843;9
7755;9
64;9
65;9
7754;9
7753;9
2869;9
7751;9
2880;9
7748;9
2892;9
2897;9
2899;9
7747;9
7745;9
7744;9
2914;9
2915;9
2916;9
2917;9
2923;9
2925;9
2928;9
2929;9
2930;9
2931;9
2935;9
2936;9
2937;9
2943;9
2944;9
2947;9
2954;9
7741;9
7731;9
7730;9
7729;9
7728;9
7707;9
7706;9
7692;9
7683;9
7682;9
7678;9
7677;9
7676;9
7675;9
7674;9
7670;9
7669;9
7667;9
7664;9
7659;9
7653;9
7648;9
7642;9
7641;9
7637;9
7636;9
3042;9
7624;9
7618;9
7612;9
7610;9
7609;9
7599;9
7597;9
7595;9
7594;9
7593;9
7592;9
7591;9
7589;9
7588;9
7587;9
7586;9
7581;9
7580;9
7577;9
7572;9
7564;9
7596;9
7536;9
7526;9
7524;9
3122;9
7416;9
7360;9
7292;9
3146;9
7284;9
7281;9
3174;9
3176;9
3187;9
7270;9
7269;9
7268;9
7266;9
7261;9
7258;9
7257;9
3225;9
7256;9
3248;9
3249;9
3250;9
3261;9
3266;9
3274;9
3282;9
3283;9
3284;9
3286;9
3288;9
3289;9
3290;9
7241;9
7234;9
11766;9
3318;9
3319;9
7230;9
3325;9
3327;9
7229;9
11765;9
11764;9
3334;9
7228;9
7227;9
7224;9
7223;9
3368;9
3369;9
3374;9
3375;9
3377;9
3380;9
3381;9
3382;9
3383;9
3384;9
3386;9
3388;9
7219;9
7212;9
3403;9
11763;9
7210;9
7209;9
3437;9
3440;9
3445;9
3446;9
3451;9
7202;9
3457;9
3458;9
3459;9
3462;9
3464;9
3465;9
3474;9
7194;9
3477;9
3484;9
3486;9
3492;9
7193;9
3497;9
3500;9
3511;9
3512;9
3513;9
3519;9
3520;9
7192;9
3527;9
3531;9
3532;9
3533;9
3534;9
3535;9
3543;9
3544;9
3545;9
3546;9
3547;9
3548;9
3570;9
7188;9
7185;9
7184;9
7183;9
3593;9
3594;9
3602;9
7182;9
7181;9
7179;9
3607;9
3609;9
3610;9
3627;9
3630;9
3631;9
3632;9
3640;9
3641;9
7167;9
7166;9
3671;9
7164;9
7163;9
7162;9
7161;9
7160;9
3680;9
7158;9
7155;9
3693;9
3694;9
3702;9
3704;9
3705;9
3706;9
3707;9
3712;9
3718;9
3719;9
3720;9
3721;9
3722;9
3724;9
3725;9
3726;9
3727;9
7142;9
3729;9
7141;9
3736;9
3737;9
3738;9
3739;9
7140;9
3753;9
3754;9
3755;9
7139;9
7138;9
3761;9
3762;9
3763;9
3764;9
3765;9
7137;9
3774;9
3775;9
3776;9
7136;9
3786;9
3787;9
3798;9
3799;9
3801;9
7135;9
3803;9
3804;9
7133;9
7130;9
7122;9
3822;9
3825;9
3834;9
3854;9
3858;9
3861;9
7109;9
3883;9
3884;9
7087;9
7081;9
7079;9
7077;9
7076;9
7067;9
7066;9
7054;9
7053;9
7052;9
7050;9
7046;9
7045;9
7020;9
7017;9
7016;9
7014;9
7013;9
7012;9
7010;9
7009;9
7008;9
7007;9
7006;9
7005;9
7002;9
6991;9
6990;9
6988;9
6985;9
6961;9
6950;9
6938;9
6937;9
6930;9
6921;9
6917;9
6916;9
6909;9
6900;9
6886;9
6690;9
6463;9
6462;9
6458;9
6455;9
6453;9
6451;9
6448;9
6447;9
6446;9
6445;9
6432;9
6431;9
6415;9
6410;9
6406;9
6405;9
6404;9
6403;9
6402;9
6400;9
6397;9
6396;9
6390;9
6359;9
6306;9
6305;9
6295;9
6280;9
6278;9
6277;9
6262;9
6256;9
6239;9
6238;9
6237;9
6214;9
6213;9
6197;9
6186;9
6185;9
6182;9
6173;9
6171;9
6165;9
6161;9
6160;9
6154;9
6153;9
6152;9
6149;9
6148;9
6144;9
6143;9
6142;9
6141;9
6140;9
6139;9
6138;9
6137;9
6136;9
6135;9
6134;9
6119;9
6118;9
6117;9
6116;9
6115;9
6114;9
6113;9
6109;9
6100;9
6088;9
6087;9
6086;9
6085;9
6084;9
6080;9
6074;9
6073;9
6072;9
6071;9
6070;9
6065;9
6061;9
6060;9
6045;9
6023;9
6022;9
6014;9
6009;9
6008;9
6001;9
5807;9
5161;9
514;16
825;16
3752;16
673;16
7615;16
3661;16
3662;16
669;16
668;16
3667;16
3668;16
6968;16
667;16
615;16
11746;16
11747;16
6243;16
3743;16
3742;16
3741;16
3740;16
300;16
164;16
6199;16
2833;16
95;16
7603;16
88;16
6219;16
6220;16
3715;16
3714;16
7602;16
636;16
634;16
631;16
10488;16
2832;16
7598;16
6097;16
6449;16
6096;16
6093;16
6092;16
265;16
2824;16
2823;16
264;16
10504;16
6924;16
2792;16
9054;16
301;16
6923;16
7563;16
7560;16
5964;16
2780;16
10531;16
10546;16
2779;16
2771;16
2921;16
8859;16
259;16
7525;16
338;16
7520;16
10988;16
8844;16
8842;16
7289;16
7288;16
2896;16
2894;16
6922;16
1957;16
7004;16
3159;16
8805;16
2893;16
11064;16
11065;16
3170;16
3171;16
3172;16
3173;16
2726;16
11082;16
11087;16
11092;16
2716;16
2715;16
7724;16
2712;16
2711;16
6011;16
11117;16
2077;16
6083;16
3198;16
3199;16
3200;16
11135;16
3206;16
6401;16
2682;16
11163;16
8651;16
7722;16
7794;16
7802;16
7803;16
7804;16
7807;16
9064;16
298;16
57;16
11717;16
10403;16
11184;16
8962;16
11776;16
11185;16
3255;16
375;16
11216;16
383;16
386;16
9062;16
10410;16
10411;16
11243;16
3272;16
3273;16
6075;16
387;16
11261;16
2633;16
2868;16
238;16
7684;16
7810;16
235;16
234;16
7812;16
394;16
2621;16
2620;16
399;16
8608;16
8607;16
3303;16
2864;16
2863;16
7679;16
8606;16
11353;16
8597;16
5078;16
2862;16
72;16
7828;16
11354;16
7835;16
7837;16
11371;16
7842;16
6363;16
8560;16
6361;16
11399;16
11400;16
7849;16
7056;16
7851;16
11424;16
11425;16
11444;16
11447;16
6906;16
215;16
5695;16
8549;16
8548;16
6358;16
426;16
3356;16
3357;16
3358;16
3359;16
3360;16
3361;16
8531;16
1179;16
8530;16
8529;16
7889;16
7890;16
7891;16
8528;16
7895;16
11716;16
6905;16
6904;16
7668;16
6960;16
3394;16
3395;16
1139;16
3398;16
3399;16
7923;16
7931;16
7956;16
7662;16
7957;16
6899;16
3422;16
3423;16
3424;16
3425;16
2844;16
10446;16
10451;16
8457;16
8456;16
3443;16
8455;16
8452;16
450;16
8451;16
3448;16
7996;16
8428;16
8427;16
4735;16
2841;16
208;16
207;16
206;16
8425;16
7199;16
8006;16
10452;16
10464;16
3476;16
10465;16
3023;16
2840;16
9682;16
1056;16
6965;16
466;16
8016;16
8018;16
28;16
1040;16
29;16
3495;16
3496;16
1039;16
30;16
6312;16
1035;16
1030;16
7105;16
7106;16
1000;16
7107;16
8413;16
199;16
3514;16
992;16
8412;16
8387;16
7108;16
8377;16
10467;16
5510;16
2837;16
11682;16
8097;16
8098;16
14;16
8104;16
8105;16
8106;16
963;16
8113;16
8114;16
8115;16
8116;16
8117;16
5443;16
3549;16
952;16
8122;16
8137;16
11563;16
8128;16
6158;16
11664;16
11575;16
3847;16
914;16
913;16
896;16
6159;16
875;16
3832;16
11582;16
826;16
6275;16
6274;16
6272;16
801;16
10471;16
528;16
6051;16
6162;16
532;16
533;16
535;16
6164;16
539;16
11601;16
767;16
765;16
6169;16
11642;16
6067;16
11641;16
11640;16
299;16
737;16
713;16
705;16
6176;16
6177;16
11613;16
3652;16
7168;16
7616;16
677;16
8099;7
11695;7
2752;7
3502;7
7000;7
8435;7
8817;7
6069;7
8813;7
11050;7
6331;7
516;7
8795;7
113;7
8426;7
11066;7
11067;7
2734;7
23;7
6357;7
6330;7
6329;7
2733;7
6003;7
7782;7
1011;7
7785;7
11737;7
1010;7
7787;7
837;7
2890;7
11481;7
1066;7
864;7
11486;7
11657;7
5084;7
11107;7
5132;7
7876;7
5160;7
6356;7
6355;7
8659;7
7882;7
3882;7
112;7
11701;7
8658;7
8657;7
8656;7
6354;7
8655;7
6353;7
3215;7
11154;7
6309;7
6352;7
11167;7
1062;7
11171;7
8644;7
3223;7
3224;7
1061;7
2881;7
6351;7
7795;7
3472;7
3232;7
8956;7
1060;7
11666;7
59;7
10388;7
821;7
6068;7
11487;7
2938;7
11588;7
2939;7
6901;7
8511;7
10478;7
3245;7
2940;7
931;7
6271;7
7626;7
6269;7
8972;7
10480;7
3608;7
10292;7
6104;7
782;7
3614;7
6146;7
114;7
6107;7
2873;7
2647;7
8960;7
3800;7
11212;7
292;7
3626;7
1059;7
11224;7
3788;7
10481;7
10482;7
11603;7
3784;7
739;7
382;7
7698;7
721;7
3782;7
573;7
1138;7
3778;7
6175;7
2941;7
7693;7
6056;7
8421;7
83;7
3400;7
7914;7
141;7
6196;7
8617;7
3402;7
8955;7
8510;7
1127;7
1387;7
6943;7
5261;7
10483;7
2634;7
11256;7
11257;7
8509;7
8508;7
3670;7
3409;7
392;7
8953;7
8507;7
7929;7
8616;7
7159;7
6242;7
6241;7
11278;7
11692;7
11698;7
7813;7
649;7
7605;7
8200;7
7961;7
405;7
3420;7
625;7
6221;7
628;7
11697;7
416;7
8414;7
5151;7
3525;7
976;7
8949;7
8954;7
8494;7
7963;7
7964;7
2828;7
5984;7
6108;7
10493;7
8958;7
3432;7
7767;7
7773;7
18;7
7833;7
7975;7
11365;7
6106;7
7775;7
2787;7
11366;7
959;7
2781;7
5127;7
11388;7
220;7
10515;7
10516;7
10550;7
8189;7
2778;7
2777;7
5142;7
11389;7
2767;7
7740;7
5141;7
10570;7
6145;7
11392;7
10572;7
8078;7
7983;7
252;7
956;7
10603;7
7516;7
11703;7
342;7
954;7
11738;7
6948;7
245;7
11418;7
8957;7
3342;7
11034;7
8148;7
6105;7
11036;7
11652;6
6310;6
6048;6
7970;6
6128;6
7631;6
2946;6
3214;6
11651;6
10363;6
10364;6
350;6
7797;6
7532;6
11656;6
81;6
602;6
6974;6
11650;6
8514;6
7527;6
330;6
2886;6
617;6
3209;6
2888;6
7908;6
11153;6
781;6
10366;6
618;6
331;6
8065;6
11038;6
551;6
5052;6
6047;6
6318;6
7634;6
6314;6
619;6
620;6
10361;6
10409;6
5065;6
11655;6
621;6
10365;6
2683;6
622;6
11039;6
623;6
332;6
733;6
7514;6
7513;6
7512;6
11040;6
7510;6
7509;6
505;6
8470;6
7633;6
7632;6
8469;6
82;6
7508;6
7507;6
10490;6
3213;6
7445;6
333;6
10362;6
7424;6
80;6
7;18
296;18
295;18
294;18
293;18
6927;18
285;18
7739;18
101;18
7713;18
7712;18
7711;18
10389;18
283;18
7695;18
6913;18
7649;18
7647;18
7640;18
10470;18
11791;18
6103;18
100;18
268;18
267;18
4077;18
266;18
6435;18
7570;18
7566;18
7565;18
6434;18
5905;18
10571;18
6427;18
11730;18
6420;18
7286;18
6419;18
7278;18
11076;18
3184;18
11095;18
3210;18
6078;18
6399;18
11176;18
3237;18
3238;18
3239;18
3241;18
3242;18
3243;18
3244;18
11177;18
6077;18
6076;18
11187;18
3254;18
11223;18
11225;18
3264;18
3265;18
11228;18
11238;18
11241;18
6383;18
3285;18
3304;18
3306;18
3307;18
3312;18
3314;18
3315;18
11421;18
11458;18
6350;18
6349;18
6348;18
6347;18
6346;18
6345;18
6344;18
6343;18
6342;18
6340;18
6339;18
3426;18
3435;18
3436;18
3439;18
1072;18
205;18
204;18
203;18
3478;18
3480;18
3482;18
3483;18
201;18
200;18
198;18
977;18
197;18
185;18
11792;18
11565;18
11566;18
858;18
817;18
806;18
798;18
793;18
785;18
181;18
6266;18
6265;18
179;18
178;18
738;18
172;18
672;18
671;18
3669;18
11745;18
3687;18
3692;18
5364;18
642;18
38;18
3709;18
6227;18
6195;18
11759;18
3767;18
579;18
572;18
571;18
133;18
570;18
569;18
132;18
131;18
529;18
8147;18
8155;18
11675;18
11678;18
11679;18
11680;18
11681;18
8162;18
8163;18
8066;18
11683;18
11684;18
11786;18
11787;18
11685;18
11686;18
11687;18
8497;18
11688;18
8498;18
8499;18
11689;18
8500;18
8501;18
8502;18
8503;18
8504;18
11691;18
8505;18
8506;18
7906;18
8515;18
8516;18
11693;18
7888;18
7887;18
11694;18
8541;18
7060;18
2563;18
424;18
8559;18
8572;18
8581;18
11696;18
8582;18
8591;18
8592;18
8593;18
7048;18
8594;18
8610;18
400;18
7814;18
11779;18
8623;18
8624;18
8625;18
8626;18
8627;18
8695;18
11702;18
6013;18
5085;18
2714;18
7011;18
106;18
8782;18
105;18
2730;18
2731;18
104;18
103;18
102;18
2748;18
6121;18
6120;18
328;18
2811;18
6972;18
6971;18
314;18
313;18
6966;18
6964;18
6963;18
312;18
2861;18
8959;18
2870;18
2874;18
8963;18
2884;18
2885;18
4013;18
3821;2
3600;2
3823;2
10492;2
3599;2
788;2
6273;2
822;2
11585;2
11584;2
513;2
842;2
3833;2
44;2
510;2
3836;2
3837;2
3838;2
509;2
7118;2
508;2
898;2
45;2
6279;2
3845;2
912;2
11576;2
3848;2
11658;2
7117;2
7116;2
11659;2
11571;2
11567;2
3855;2
8134;2
8133;2
3856;2
936;2
8135;2
8136;2
941;2
3857;2
11557;2
6098;2
11556;2
11553;2
5117;2
6285;2
6286;2
6287;2
6288;2
6289;2
11548;2
10485;2
8109;2
7189;2
11547;2
11546;2
11541;2
8158;2
11677;2
10484;2
8159;2
972;2
188;2
5122;2
8160;2
2948;2
10469;2
8161;2
8089;2
274;2
8087;2
3867;2
974;2
111;2
3870;2
10341;2
275;2
7190;2
8077;2
8076;2
8075;2
8074;2
8073;2
8072;2
8071;2
8173;2
7191;2
980;2
11538;2
279;2
5121;2
11537;2
11536;2
8403;2
8405;2
8410;2
8411;2
11535;2
11534;2
11533;2
11527;2
6941;2
1024;2
1036;2
6315;2
1046;2
1047;2
1051;2
1053;2
5090;2
1054;2
3481;2
27;2
1063;2
8424;2
7200;2
3466;2
7201;2
210;2
11526;2
11525;2
1080;2
1086;2
1087;2
8431;2
1089;2
1090;2
3886;2
3887;2
7657;2
7658;2
6334;2
10419;2
6335;2
1091;2
1095;2
1101;2
7665;2
6337;2
8465;2
8466;2
3438;2
6338;2
8471;2
3434;2
3433;2
8472;2
8490;2
3431;2
8491;2
1109;2
8492;2
8493;2
1111;2
1113;2
1114;2
3419;2
8495;2
7672;2
110;2
3418;2
1115;2
8496;2
2849;2
10326;2
11761;2
10418;2
6907;2
11773;2
1116;2
7943;2
11515;2
280;2
2855;2
2856;2
442;2
2857;2
2858;2
2859;2
11514;2
7072;2
11513;2
2860;2
6341;2
5149;2
11512;2
11511;2
11510;2
77;2
7922;2
7921;2
7920;2
108;2
7917;2
1131;2
7915;2
11502;2
1140;2
1141;2
1143;2
281;2
7220;2
6911;2
6912;2
8525;2
8526;2
7897;2
7896;2
1170;2
9065;2
1171;2
3376;2
1172;2
7221;2
6957;2
6956;2
3371;2
10412;2
7062;2
3370;2
7880;2
7879;2
7878;2
7877;2
7222;2
3366;2
1182;2
6955;2
11479;2
7225;2
11465;2
2934;2
7700;2
11427;2
6954;2
11415;2
11414;2
11413;2
7055;2
1267;2
2571;2
10408;2
6362;2
6367;2
8569;2
9675;2
6370;2
3322;2
6371;2
8575;2
6372;2
8576;2
223;2
7832;2
7831;2
7830;2
10407;2
5152;2
7827;2
7826;2
2876;2
7825;2
6940;2
225;2
8586;2
282;2
7819;2
7818;2
8985;2
10393;2
7716;2
8986;2
7047;2
3310;2
11351;2
6035;2
11350;2
3302;2
3301;2
3300;2
11341;2
8994;2
8611;2
232;2
2924;2
11340;2
2617;2
8612;2
5114;2
7236;2
3295;2
397;2
7237;2
11335;2
233;2
11332;2
2627;2
8614;2
8615;2
236;2
237;2
239;2
3281;2
7250;2
7251;2
7253;2
240;2
11227;2
6394;2
381;2
380;2
379;2
11214;2
8620;2
8621;2
11782;2
3253;2
8622;2
371;2
7721;2
6395;2
11775;2
370;2
11774;2
3240;2
9006;2
3236;2
7723;2
3235;2
10083;2
5115;2
3234;2
2891;2
367;2
3233;2
3231;2
8629;2
8630;2
8631;2
360;2
3230;2
7796;2
3229;2
8633;2
2675;2
3228;2
8634;2
11700;2
11175;2
8649;2
11169;2
11162;2
3212;2
97;2
5150;2
98;2
11134;2
2688;2
2689;2
2690;2
2691;2
11126;2
99;2
5858;2
8690;2
11719;2
8719;2
8734;2
8735;2
8738;2
2701;2
11125;2
6111;2
7018;2
11108;2
7732;2
352;2
11106;2
3189;2
8781;2
11105;2
241;2
9007;2
7733;2
3185;2
3183;2
11722;2
9008;2
7789;2
6132;2
6005;2
11723;2
3182;2
11081;2
8784;2
3177;2
2727;2
5120;2
8785;2
9009;2
9015;2
9016;2
243;2
3169;2
8794;2
11054;2
3162;2
8808;2
3160;2
11048;2
2904;2
3157;2
11047;2
2905;2
11046;2
351;2
2747;2
9026;2
8821;2
2750;2
11045;2
6417;2
2753;2
7290;2
10991;2
6426;2
349;2
347;2
10704;2
7515;2
11705;2
7523;2
2907;2
3115;2
9027;2
10563;2
10562;2
8871;2
8872;2
8887;2
10561;2
337;2
336;2
10560;2
6984;2
10559;2
10558;2
10557;2
10556;2
10512;2
10511;2
8901;2
2783;2
8912;2
8914;2
7562;2
10509;2
10508;2
8917;2
10507;2
8923;2
10505;2
10503;2
7735;2
10501;2
8924;2
11711;2
8933;2
2799;2
324;2
11713;2
2802;2
2803;2
7769;2
2805;2
1882;2
2807;2
11714;2
2809;2
2810;2
9052;2
2812;2
2813;2
6440;2
7766;2
7765;2
6441;2
11715;2
6230;2
3708;2
6231;2
630;2
6232;2
6229;2
6228;2
7764;2
6222;2
6233;2
6234;2
153;2
92;2
152;2
3701;2
5295;2
150;2
3700;2
3698;2
652;2
11622;2
3690;2
148;2
146;2
6202;2
6200;2
3689;2
3686;2
3685;2
3684;2
3683;2
11621;2
11620;2
9977;2
11740;2
11627;2
3749;2
3663;2
587;2
11619;2
679;2
2956;2
175;2
680;2
681;2
584;2
583;2
582;2
6184;2
2821;2
11611;2
6181;2
6179;2
581;2
8940;2
6178;2
3769;2
3770;2
3771;2
7583;2
11628;2
11610;2
697;2
7170;2
3777;2
11609;2
96;2
7584;2
9053;2
176;2
8941;2
740;2
3785;2
6055;2
6054;2
6261;2
8943;2
7590;2
11637;2
11639;2
750;2
755;2
756;2
559;2
557;2
2955;2
757;2
766;2
10342;2
122;2
119;2
6053;2
769;2
3618;2
537;2
536;2
11598;2
7131;2
11595;2
3615;2
11594;2
182;2
10;2
3601;2
7121;2
3818;2
3819;2
3820;2
1;15
32;15
34;15
42;15
79;15
138;15
170;15
173;15
180;15
183;15
184;15
269;15
270;15
272;15
273;15
277;15
278;15
447;15
453;15
455;15
456;15
459;15
460;15
462;15
463;15
464;15
465;15
468;15
469;15
470;15
471;15
473;15
512;15
526;15
627;15
629;15
635;15
637;15
638;15
639;15
640;15
724;15
725;15
856;15
884;15
899;15
917;15
1014;15
1155;15
2644;15
2645;15
2646;15
2648;15
2650;15
2651;15
2652;15
2654;15
2655;15
2656;15
2657;15
2658;15
2663;15
2699;15
2700;15
2850;15
2851;15
2852;15
2853;15
2854;15
3258;15
3308;15
3311;15
3313;15
3329;15
3330;15
3347;15
3405;15
3406;15
3411;15
3536;15
6006;15
6024;15
6025;15
6026;15
6027;15
6028;15
6029;15
6030;15
6206;15
6216;15
6218;15
6223;15
6224;15
6225;15
6226;15
6276;15
6366;15
6369;15
6385;15
6421;15
6423;15
6460;15
6461;15
6464;15
6465;15
6467;15
6468;15
6469;15
6470;15
6471;15
7058;15
7094;15
7101;15
7102;15
7103;15
7119;15
7150;15
7264;15
7518;15
7519;15
7521;15
7522;15
7528;15
7529;15
7530;15
7547;15
7557;15
7576;15
7628;15
7635;15
7656;15
7690;15
7858;15
7859;15
7868;15
7869;15
7870;15
7874;15
7875;15
8008;15
8022;15
8023;15
8026;15
8027;15
8030;15
8031;15
8032;15
8033;15
8034;15
8035;15
8093;15
8094;15
8107;15
8151;15
8191;15
8429;15
8468;15
8523;15
8532;15
8533;15
8534;15
8573;15
8574;15
8579;15
8580;15
8672;15
8725;15
8801;15
10336;15
10339;15
10344;15
10345;15
10347;15
10348;15
10350;15
10351;15
10352;15
10353;15
10354;15
10355;15
10356;15
10357;15
10358;15
10359;15
10368;15
10373;15
10374;15
10375;15
10377;15
10400;15
10405;15
10406;15
10539;15
10540;15
10552;15
10553;15
10554;15
10555;15
11006;15
11007;15
11008;15
11009;15
11010;15
11011;15
11012;15
11013;15
11022;15
11056;15
11057;15
11059;15
11116;15
11568;15
11615;15
11704;15
11721;15
11736;15
11777;15
11778;15
11781;15
6472;4
2846;4
981;4
11200;4
271;4
3872;4
8050;4
6033;4
11770;4
6409;4
467;4
7132;4
686;4
284;4
3871;4
6935;4
472;4
6032;4
2847;4
8604;4
474;4
475;4
476;4
3869;4
8092;4
6481;4
291;4
1157;4
477;4
813;4
8603;4
306;4
2866;4
308;4
478;4
479;4
8049;4
7872;4
1159;4
1160;4
6031;4
480;4
1162;4
309;4
2667;4
310;4
2662;4
985;4
8047;4
995;4
997;4
11168;4
6477;4
6456;4
8440;4
6475;4
3353;4
6412;4
10349;4
1122;4
11;4
2668;4
8046;4
7697;4
8417;4
2659;4
7092;4
2669;4
3471;4
3205;4
2665;4
8044;4
8951;4
3320;4
4982;4
11426;4
2670;4
2672;4
8043;4
1123;4
8080;4
1125;4
11707;4
8042;4
6281;4
1126;4
7265;4
9063;4
3204;4
7738;4
8041;4
11569;4
8056;4
481;4
482;4
168;4
68;4
3203;4
8055;4
483;4
169;4
484;4
7120;4
486;4
8880;4
8040;4
8039;4
2612;4
2794;4
8054;4
2795;4
921;4
2660;4
5066;4
408;4
8053;4
2676;4
422;4
11071;4
2619;4
488;4
8052;4
489;4
6476;4
490;4
491;4
9030;4
8037;4
6002;4
492;4
11063;4
8036;4
6057;4
6480;4
493;4
11062;4
11055;4
494;4
495;4
11032;4
6479;4
11031;4
11030;4
3716;4
3713;4
496;4
3294;4
11028;4
6043;4
11027;4
11026;4
499;4
6042;4
2678;4
500;4
3711;4
3710;4
7871;4
11025;4
525;4
8051;4
6041;4
6319;4
6040;4
8916;4
6039;4
3293;4
7781;4
11024;4
3292;4
171;4
2679;4
6236;4
2666;4
11023;4
7243;4
6473;4
3291;4
6038;4
2631;4
11617;4
7881;4
8112;4
8643;4
11021;4
3875;4
760;4
11020;4
11017;4
11016;4
11015;4
11014;4
6037;4
10486;4
10487;4
3695;4
7893;4
937;4
2661;4
8521;4
2836;4
11638;4
10998;4
6474;4
9040;4
3873;4
3603;4
2845;4
7973;4
685;4
6235;4
69;4
812;4
7129;4
11359;4
6034;4
10983;4
7573;4
948;13
3656;13
3654;13
3653;13
949;13
7169;13
950;13
951;13
3644;13
953;13
3643;13
3642;13
11552;13
3639;13
8567;13
12;13
11551;13
3638;13
11790;13
11550;13
3637;13
11789;13
6210;13
3625;13
3617;13
3616;13
11549;13
3606;13
8796;13
7180;13
3605;13
15;13
8797;13
6209;13
960;13
3589;13
3588;13
3587;13
8798;13
964;13
7187;13
8564;13
3578;13
3541;13
8168;13
8563;13
3529;13
3528;13
965;13
8849;13
3524;13
966;13
3494;13
3475;13
7195;13
6398;13
8167;13
3470;13
3469;13
967;13
3468;13
8547;13
3467;13
8165;13
3460;13
3456;13
5091;13
1770;13
3452;13
3449;13
19;13
3447;13
3444;13
969;13
3442;13
970;13
20;13
3441;13
37;13
3421;13
8850;13
971;13
3417;13
3397;13
39;13
973;13
3393;13
7213;13
7214;13
3392;13
8851;13
7216;13
8164;13
7217;13
982;13
7218;13
3390;13
3385;13
6207;13
3372;13
3367;13
984;13
8546;13
3354;13
3352;13
3351;13
11530;13
3350;13
3349;13
8852;13
3328;13
3321;13
1016;13
3317;13
1023;13
3309;13
6205;13
1073;13
40;13
3298;13
3297;13
51;13
6204;13
52;13
3296;13
8853;13
5118;13
1075;13
7238;13
7239;13
53;13
1077;13
7242;13
8799;13
1078;13
6203;13
3280;13
3278;13
8800;13
1079;13
1082;13
7247;13
7248;13
10325;13
1763;13
10327;13
10328;13
7249;13
1083;13
3277;13
3276;13
1084;13
1085;13
3271;13
1088;13
10337;13
5119;13
3270;13
54;13
3256;13
2784;13
1119;13
1120;13
3227;13
3226;13
3208;13
3207;13
55;13
7259;13
8710;13
7260;13
8545;13
7262;13
6201;13
8709;13
7263;13
56;13
67;13
10369;13
11509;13
3197;13
11507;13
3196;13
3195;13
3194;13
1736;13
8708;13
11506;13
3193;13
3192;13
11505;13
3191;13
3181;13
3179;13
3164;13
1133;13
8145;13
3163;13
3153;13
11503;13
8539;13
1134;13
11501;13
1135;13
8143;13
10398;13
10399;13
1136;13
10401;13
8142;13
1137;13
8141;13
8140;13
1150;13
1151;13
1152;13
6198;13
1153;13
6194;13
8132;13
1154;13
8976;13
11769;13
1158;13
8977;13
11768;13
8131;13
5123;13
11767;13
71;13
7776;13
6193;13
1175;13
8978;13
8980;13
8981;13
6192;13
73;13
74;13
78;13
1181;13
8861;13
10440;13
10441;13
10442;13
10443;13
10444;13
11484;13
8125;13
8983;13
94;13
6392;13
2788;13
8124;13
109;13
10453;13
5079;13
6191;13
120;13
8700;13
2798;13
139;13
2800;13
6190;13
143;13
2801;13
2804;13
2808;13
2814;13
2815;13
2816;13
11757;13
2819;13
2820;13
10475;13
144;13
6188;13
2825;13
5554;13
2829;13
5093;13
6187;13
8728;13
2830;13
145;13
2835;13
11451;13
154;13
6180;13
155;13
10496;13
10497;13
10498;13
162;13
10502;13
8866;13
163;13
6391;13
10506;13
6902;13
11443;13
10510;13
6903;13
10513;13
10514;13
6389;13
165;13
166;13
2867;13
10520;13
10521;13
10522;13
10523;13
10524;13
2871;13
7336;13
6388;13
5628;13
6172;13
2872;13
2877;13
8867;13
10533;13
10534;13
10535;13
10536;13
10537;13
167;13
2882;13
2889;13
2900;13
2909;13
11410;13
11409;13
8079;13
8868;13
11408;13
11407;13
10551;13
7736;13
8869;13
6387;13
8870;13
7734;13
11744;13
6918;13
6919;13
10566;13
6920;13
11397;13
11386;13
11385;13
8698;13
11743;13
8806;13
11384;13
11383;13
11742;13
6386;13
11382;13
8524;13
11381;13
9004;13
11739;13
11380;13
189;13
11379;13
11378;13
11377;13
11376;13
7727;13
8873;13
7726;13
209;13
222;13
227;13
230;13
6925;13
8727;13
7725;13
11362;13
11361;13
11360;13
244;13
247;13
248;13
5635;13
255;13
11358;13
7720;13
276;13
7719;13
8519;13
7718;13
9010;13
7717;13
7715;13
11345;13
8518;13
11338;13
6936;13
302;13
6939;13
11331;13
7703;13
6942;13
8489;13
8048;13
7702;13
7701;13
8876;13
9014;13
5080;13
6365;13
11302;13
6945;13
311;13
315;13
11300;13
6364;13
9703;13
316;13
7696;13
9018;13
9019;13
323;13
7694;13
9020;13
11286;13
327;13
9021;13
11285;13
334;13
11708;13
335;13
340;13
8724;13
11284;13
11283;13
9023;13
8689;13
11280;13
341;13
354;13
355;13
356;13
11279;13
395;13
8474;13
396;13
1354;13
11277;13
8467;13
8811;13
6962;13
8464;13
7687;13
7686;13
8463;13
425;13
7685;13
429;13
8812;13
434;13
7681;13
7680;13
8015;13
7438;13
11242;13
11240;13
440;13
3003;13
8014;13
11237;13
441;13
8462;13
443;13
8012;13
6967;13
11234;13
9035;13
9036;13
8011;13
7671;13
6127;13
1410;13
7666;13
8684;13
9038;13
444;13
8461;13
6125;13
6124;13
8459;13
6123;13
11213;13
11211;13
6122;13
7968;13
445;13
11210;13
11201;13
446;13
448;13
8721;13
8718;13
449;13
7955;13
7954;13
8458;13
8449;13
7953;13
8888;13
7661;13
7660;13
8448;13
11195;13
11194;13
8717;13
11193;13
9051;13
8447;13
7952;13
11192;13
11676;13
11190;13
11189;13
6112;13
11183;13
6989;13
8446;13
11182;13
11181;13
8445;13
11674;13
7936;13
7928;13
7646;13
7645;13
8433;13
7644;13
7643;13
7918;13
6021;13
7913;13
6020;13
6019;13
6018;13
11673;13
11672;13
7911;13
6017;13
8416;13
6016;13
6015;13
8406;13
8404;13
11127;13
11118;13
11113;13
11112;13
11671;13
11633;13
7001;13
11110;13
7622;13
11104;13
6454;13
11103;13
11102;13
7003;13
7620;13
3132;13
8399;13
11099;13
8398;13
11096;13
7619;13
7617;13
7517;13
11086;13
7910;13
7611;13
7608;13
8397;13
7607;13
487;13
7909;13
8894;13
6101;13
7606;13
5139;13
8660;13
8714;13
8396;13
7604;13
5076;13
8899;13
8900;13
8395;13
6333;13
11029;13
7537;13
6099;13
7905;13
8712;13
8652;13
515;13
517;13
7904;13
6332;13
6095;13
550;13
553;13
554;13
8647;13
7550;13
7551;13
7552;13
11646;13
7898;13
7553;13
556;13
561;13
8646;13
6313;13
11643;13
7555;13
5143;13
7556;13
562;13
7582;13
7558;13
7559;13
563;13
564;13
565;13
11001;13
11000;13
11636;13
10997;13
8711;13
10996;13
10995;13
6094;13
6308;13
11635;13
10994;13
11634;13
7885;13
10992;13
7575;13
11111;13
8642;13
11632;13
11631;13
6304;13
5077;13
11630;13
6091;13
567;13
595;13
658;13
659;13
660;13
8826;13
661;13
5793;13
7041;13
8827;13
662;13
8639;13
663;13
664;13
2737;13
684;13
6090;13
6089;13
7857;13
6303;13
6302;13
7856;13
6439;13
7049;13
11616;13
7855;13
6438;13
8915;13
6301;13
8828;13
6300;13
7854;13
7853;13
7844;13
7843;13
11612;13
687;13
7821;13
2606;13
8829;13
6299;13
693;13
710;13
2623;13
714;13
6437;13
2626;13
729;13
732;13
6298;13
2629;13
2630;13
6430;13
7065;13
735;13
6297;13
8830;13
8922;13
8831;13
7068;13
7069;13
736;13
7070;13
7071;13
742;13
6422;13
2632;13
768;13
8602;13
8832;13
6292;13
771;13
8833;13
6284;13
6418;13
6283;13
11599;13
6282;13
8589;13
774;13
775;13
11596;13
6414;13
778;13
783;13
11593;13
792;13
799;13
11590;13
7082;13
11589;13
805;13
7083;13
7084;13
7085;13
8834;13
6413;13
7088;13
7089;13
7090;13
7091;13
6264;13
823;13
2673;13
5081;13
836;13
839;13
7099;13
7100;13
840;13
841;13
857;13
3885;13
6263;13
880;13
900;13
6257;13
8836;13
901;13
6408;13
7110;13
3868;13
2680;13
7112;13
7113;13
5032;13
915;13
916;13
3859;13
3852;13
3851;13
3850;13
3840;13
919;13
3817;13
3816;13
3814;13
3813;13
7125;13
2710;13
8979;13
6255;13
3812;13
8837;13
923;13
6253;13
7127;13
924;13
6247;13
2719;13
7128;13
6246;13
3811;13
3810;13
3809;13
3807;13
2720;13
6245;13
3802;13
8838;13
3783;13
925;13
2723;13
3768;13
3757;13
8839;13
3756;13
3750;13
8840;13
5082;13
5083;13
7786;13
3735;13
6407;13
3728;13
7143;13
2724;13
927;13
7784;13
928;13
3703;13
2725;13
3699;13
929;13
2728;13
3697;13
8843;13
930;13
3696;13
943;13
3688;13
8740;13
7156;13
7157;13
3681;13
3679;13
3678;13
6217;13
8568;13
3676;13
944;13
8783;13
8171;13
3675;13
3674;13
945;13
3673;13
946;13
3672;13
947;13
5971;1
12504;1
3113;1
5972;1
12114;1
10910;1
10912;1
10915;1
12112;1
12109;1
3107;1
3106;1
5289;1
10923;1
4973;1
10926;1
5976;1
3102;1
10929;1
10930;1
3101;1
3100;1
12743;1
4974;1
10939;1
10940;1
10943;1
10944;1
10945;1
4524;1
10947;1
10949;1
10950;1
12498;1
10962;1
3095;1
10964;1
5981;1
10968;1
3090;1
10972;1
3087;1
10976;1
5983;1
5294;1
4975;1
2013;1
2010;1
2008;1
2007;1
2003;1
2002;1
4481;1
12675;1
6505;1
1996;1
5515;1
1994;1
5516;1
1991;1
12674;1
6510;1
1987;1
1985;1
1983;1
1982;1
12390;1
5518;1
12383;1
12382;1
1978;1
6517;1
4557;1
6522;1
1964;1
6524;1
6525;1
5527;1
6530;1
5528;1
6532;1
5529;1
6534;1
6535;1
6536;1
12673;1
1943;1
12672;1
1940;1
4480;1
4704;1
6541;1
12380;1
1934;1
6543;1
6544;1
6545;1
4477;1
12377;1
12374;1
12373;1
6547;1
1919;1
1918;1
5534;1
6550;1
1911;1
5535;1
1908;1
1907;1
6554;1
6557;1
1901;1
6559;1
4548;1
1891;1
5540;1
4476;1
4657;1
1880;1
12362;1
5545;1
12669;1
5546;1
12667;1
1873;1
5547;1
4474;1
5549;1
1866;1
6580;1
12359;1
1861;1
1857;1
1856;1
12666;1
12665;1
12664;1
1851;1
1850;1
6586;1
5553;1
1846;1
1845;1
1843;1
1841;1
1840;1
1839;1
6592;1
1835;1
1831;1
6595;1
1829;1
4865;1
1826;1
1825;1
4867;1
1820;1
1819;1
5563;1
1814;1
1811;1
1810;1
12358;1
1806;1
1803;1
1801;1
1800;1
6609;1
12662;1
1795;1
5567;1
1790;1
6612;1
5569;1
1779;1
6616;1
6617;1
5571;1
4646;1
9071;1
9073;1
9074;1
5574;1
5577;1
4762;1
6627;1
4543;1
6630;1
12659;1
9088;1
6632;1
12652;1
12347;1
6635;1
9094;1
5581;1
5582;1
5583;1
4871;1
9102;1
5586;1
5587;1
12346;1
4764;1
9111;1
9112;1
5589;1
12651;1
9115;1
5590;1
6648;1
5592;1
6652;1
9124;1
4459;1
9127;1
6655;1
6656;1
12650;1
4458;1
5596;1
6662;1
6664;1
4456;1
6670;1
4454;1
12345;1
4453;1
5604;1
6674;1
4451;1
12344;1
4637;1
12342;1
12341;1
12644;1
12340;1
9163;1
12643;1
12339;1
12635;1
5610;1
12624;1
12327;1
9174;1
9175;1
9176;1
6687;1
12326;1
5612;1
5614;1
6691;1
9189;1
9190;1
9191;1
9193;1
6693;1
12318;1
5616;1
9205;1
12312;1
9210;1
9211;1
9212;1
6703;1
9216;1
9217;1
4446;1
4880;1
9223;1
6707;1
12618;1
6709;1
9231;1
6711;1
5627;1
6713;1
9238;1
5630;1
9243;1
6718;1
9246;1
4443;1
12308;1
4541;1
12307;1
12305;1
12303;1
9257;1
9258;1
4442;1
4882;1
6726;1
5637;1
9266;1
9269;1
4440;1
4439;1
5642;1
6733;1
6735;1
9276;1
9278;1
9279;1
9282;1
12299;1
12297;1
6738;1
9289;1
5646;1
12615;1
12611;1
9293;1
5648;1
4884;1
6748;1
9301;1
9303;1
9304;1
9307;1
9308;1
9309;1
9311;1
5653;1
12610;1
6753;1
5654;1
6756;1
4886;1
4709;1
9327;1
9328;1
9329;1
12608;1
9331;1
5657;1
12285;1
9338;1
12282;1
12281;1
5659;1
4888;1
6765;1
9347;1
5661;1
6767;1
12607;1
12277;1
9353;1
12605;1
6770;1
9359;1
9360;1
12263;1
9362;1
9363;1
6773;1
9365;1
4432;1
9367;1
5665;1
9371;1
6778;1
6779;1
4890;1
9378;1
9379;1
6783;1
4771;1
12601;1
9387;1
6788;1
9389;1
6789;1
6791;1
6792;1
6793;1
5673;1
5674;1
9404;1
12260;1
5675;1
9408;1
5676;1
12257;1
9411;1
4894;1
9421;1
5679;1
6808;1
9429;1
9430;1
12587;1
12585;1
9433;1
9434;1
6812;1
9437;1
6813;1
4540;1
9442;1
12256;1
9444;1
6816;1
12255;1
9448;1
9449;1
9451;1
6819;1
9455;1
9456;1
6820;1
5685;1
4537;1
9469;1
9470;1
12578;1
12251;1
9473;1
9475;1
6830;1
4634;1
4421;1
9480;1
9481;1
4420;1
9485;1
9486;1
6835;1
12577;1
12576;1
9491;1
4419;1
4900;1
4416;1
9500;1
9501;1
9502;1
9503;1
9504;1
9505;1
12241;1
12238;1
4901;1
9513;1
6847;1
9516;1
5701;1
9518;1
5702;1
6850;1
9521;1
9522;1
5703;1
4414;1
12575;1
6854;1
6856;1
6857;1
12573;1
5706;1
9535;1
12231;1
12572;1
4412;1
9542;1
4776;1
9545;1
9546;1
9547;1
4535;1
6865;1
9552;1
5164;1
4660;1
9555;1
9559;1
6870;1
9561;1
5713;1
4905;1
9564;1
5715;1
4906;1
4599;1
4779;1
6878;1
6879;1
6880;1
9576;1
9577;1
9580;1
6884;1
5720;1
9583;1
9584;1
9588;1
5722;1
4681;1
9592;1
9593;1
6892;1
12562;1
6894;1
9600;1
5726;1
9605;1
9606;1
12549;1
9608;1
4057;1
9610;1
9613;1
4055;1
4054;1
9621;1
4053;1
4051;1
9626;1
4050;1
9628;1
4534;1
9631;1
4532;1
4046;1
5732;1
4911;1
9637;1
4041;1
5176;1
9644;1
4039;1
5736;1
9649;1
5737;1
9652;1
9653;1
9656;1
9659;1
4035;1
12227;1
4034;1
4032;1
4030;1
9676;1
5743;1
9680;1
12547;1
9689;1
12545;1
9693;1
4021;1
9695;1
9696;1
9697;1
4018;1
9702;1
12543;1
9706;1
12226;1
12222;1
9711;1
9712;1
5746;1
4011;1
5180;1
4009;1
4008;1
9727;1
4006;1
9729;1
9731;1
9733;1
5181;1
5750;1
5751;1
9740;1
12220;1
9742;1
5752;1
9747;1
4000;1
9751;1
9753;1
9754;1
3999;1
9757;1
3998;1
5753;1
9760;1
3996;1
12219;1
12218;1
9765;1
9766;1
5754;1
9768;1
9769;1
9770;1
5182;1
3992;1
9776;1
9777;1
9779;1
5184;1
4527;1
5760;1
9784;1
5761;1
12541;1
4915;1
9792;1
9794;1
9795;1
3981;1
5765;1
5767;1
9804;1
9806;1
9807;1
4714;1
4917;1
12217;1
9811;1
3974;1
9813;1
3971;1
5771;1
3969;1
3968;1
5189;1
9823;1
9827;1
3964;1
9832;1
9833;1
9835;1
5776;1
9837;1
9838;1
9839;1
9840;1
9842;1
9844;1
9847;1
4919;1
12215;1
9851;1
9855;1
9856;1
9858;1
9860;1
9861;1
9863;1
5780;1
3951;1
4594;1
9870;1
9874;1
5785;1
3945;1
12211;1
9882;1
5787;1
12540;1
9891;1
9892;1
12208;1
9896;1
9898;1
12201;1
12536;1
3936;1
3935;1
9906;1
5792;1
3931;1
9917;1
9919;1
9920;1
5797;1
9926;1
5798;1
5799;1
9929;1
12535;1
9931;1
5800;1
5801;1
9937;1
9938;1
4923;1
5803;1
5804;1
9944;1
3915;1
9946;1
12531;1
9950;1
9951;1
12197;1
3912;1
12527;1
9955;1
5806;1
4403;1
9961;1
3908;1
9965;1
9966;1
9967;1
9968;1
3906;1
12196;1
9973;1
9974;1
5199;1
9983;1
9984;1
9985;1
9987;1
9988;1
3904;1
9990;1
1772;1
3903;1
3902;1
9995;1
9996;1
9998;1
9999;1
3900;1
5200;1
10005;1
10007;1
3898;1
10014;1
12194;1
5201;1
10027;1
10030;1
10031;1
10032;1
10034;1
10036;1
10037;1
5813;1
3892;1
4924;1
3889;1
4925;1
10052;1
10056;1
10058;1
10059;1
10063;1
10066;1
10069;1
10085;1
10086;1
10087;1
10089;1
10091;1
10094;1
10095;1
10097;1
10104;1
10105;1
12192;1
10110;1
10113;1
10116;1
10117;1
10118;1
10119;1
10122;1
10125;1
10127;1
5205;1
10136;1
10138;1
10140;1
10147;1
10148;1
10154;1
10155;1
10158;1
10159;1
10165;1
10171;1
10183;1
10184;1
10187;1
10190;1
10191;1
10197;1
10200;1
10202;1
3972;1
10208;1
10211;1
10214;1
10215;1
10219;1
10226;1
10227;1
10232;1
10234;1
10237;1
10241;1
10247;1
10249;1
10251;1
10255;1
10261;1
10264;1
10270;1
10274;1
12182;1
10293;1
10295;1
10298;1
12180;1
10300;1
10303;1
10304;1
10310;1
10315;1
10317;1
1768;1
1755;1
1754;1
12789;1
12793;1
12795;1
12797;1
12800;1
12175;1
1747;1
1744;1
1741;1
1737;1
1735;1
1724;1
5824;1
1716;1
1715;1
3148;1
3147;1
12808;1
1709;1
3144;1
4929;1
5829;1
1703;1
1701;1
12173;1
7297;1
5212;1
1694;1
4931;1
1692;1
5835;1
4786;1
12172;1
7303;1
4933;1
4592;1
1683;1
7306;1
5217;1
5840;1
7309;1
4934;1
1675;1
5842;1
1672;1
4787;1
1670;1
5844;1
1666;1
1664;1
1662;1
1661;1
12518;1
12515;1
1649;1
1648;1
12164;1
1644;1
1643;1
5848;1
1641;1
1639;1
5850;1
12162;1
1632;1
5223;1
7329;1
1628;1
1627;1
7330;1
1623;1
7331;1
1621;1
7332;1
5852;1
12158;1
1613;1
7337;1
7339;1
1608;1
1602;1
1601;1
12156;1
12153;1
12814;1
5856;1
7346;1
1595;1
4591;1
1593;1
5859;1
7350;1
5227;1
1588;1
1587;1
5861;1
5228;1
5230;1
5231;1
7359;1
5233;1
10581;1
4649;1
5235;1
7365;1
4791;1
5874;1
4717;1
10591;1
7375;1
10599;1
4793;1
10601;1
7377;1
1579;1
5241;1
10605;1
4587;1
10611;1
10612;1
10613;1
10614;1
7381;1
5881;1
10620;1
10621;1
5882;1
10625;1
5884;1
5244;1
7389;1
5886;1
10634;1
4944;1
10636;1
5888;1
7393;1
10639;1
10642;1
10643;1
10644;1
5246;1
5891;1
1578;1
7398;1
10651;1
7399;1
7400;1
7401;1
7402;1
5893;1
4945;1
5895;1
10662;1
10663;1
4947;1
7408;1
4948;1
4718;1
4795;1
12146;1
10673;1
7413;1
10676;1
4796;1
7415;1
10679;1
3138;1
10681;1
10682;1
5904;1
12143;1
10687;1
4400;1
10690;1
7421;1
10692;1
7423;1
10695;1
3137;1
4952;1
10698;1
10699;1
10702;1
4953;1
1577;1
7427;1
10706;1
10707;1
7428;1
5908;1
5909;1
5910;1
5257;1
5912;1
4526;1
4954;1
10723;1
10730;1
10732;1
7443;1
10735;1
4411;1
3136;1
5262;1
10740;1
5920;1
4578;1
12129;1
10747;1
7453;1
4719;1
12128;1
12127;1
7455;1
4958;1
5266;1
10757;1
7458;1
10759;1
5926;1
5927;1
5928;1
5929;1
7465;1
5930;1
10772;1
7467;1
10775;1
5267;1
7470;1
7471;1
5933;1
10780;1
10781;1
10782;1
12511;1
7475;1
12126;1
7476;1
10790;1
10792;1
10794;1
10795;1
12124;1
7479;1
5937;1
7482;1
5938;1
10803;1
7485;1
10808;1
10810;1
10811;1
10814;1
10815;1
10816;1
10817;1
5942;1
5943;1
10823;1
5944;1
10828;1
7493;1
12122;1
5947;1
10835;1
5948;1
4963;1
12507;1
5952;1
4724;1
10853;1
5278;1
10857;1
3131;1
10861;1
10862;1
5279;1
5959;1
5282;1
10870;1
10873;1
4971;1
10878;1
12118;1
5965;1
5966;1
5967;1
10884;1
10886;1
10887;1
10888;1
10889;1
3119;1
10891;1
5285;1
5286;1
12741;1
10898;1
12742;1
5987;1
1569;1
1568;1
5296;1
5297;1
5298;1
1564;1
3079;1
12817;1
3075;1
5301;1
12823;1
1557;1
3071;1
1555;1
1554;1
1552;1
5995;1
12087;1
12086;1
1544;1
1541;1
1539;1
5303;1
12824;1
3064;1
5998;1
3062;1
4396;1
5305;1
3056;1
1528;1
12081;1
1527;1
3055;1
12076;1
1521;1
12492;1
4393;1
11085;1
12073;1
3048;1
4392;1
1504;1
4652;1
1498;1
4390;1
1496;1
4388;1
4980;1
4666;1
1488;1
3038;1
12072;1
1485;1
1482;1
1479;1
3034;1
1472;1
1467;1
12071;1
5312;1
12065;1
1460;1
4382;1
12701;1
1448;1
1447;1
1445;1
1444;1
1443;1
12058;1
12057;1
1439;1
12704;1
1437;1
3016;1
1433;1
4689;1
3014;1
1430;1
1429;1
1427;1
1421;1
1420;1
1419;1
1418;1
1414;1
5317;1
1411;1
1409;1
1408;1
1406;1
1403;1
1402;1
1401;1
1398;1
1397;1
12055;1
1392;1
1385;1
1384;1
1383;1
1382;1
1461;1
12051;1
12050;1
2997;1
1369;1
1368;1
1367;1
1366;1
2996;1
1363;1
1361;1
1356;1
1352;1
4379;1
1349;1
12749;1
2991;1
1338;1
1336;1
2986;1
1334;1
1332;1
2985;1
1329;1
1328;1
1325;1
1322;1
12481;1
2980;1
1314;1
12045;1
1312;1
12044;1
1309;1
4374;1
12043;1
1303;1
1299;1
5320;1
12038;1
4371;1
1291;1
1288;1
5322;1
1286;1
1284;1
2970;1
4988;1
1279;1
1278;1
1275;1
2968;1
4989;1
1266;1
1263;1
1257;1
2961;1
1253;1
4362;1
5327;1
1244;1
1243;1
12037;1
1240;1
1239;1
5328;1
1226;1
1225;1
1222;1
1218;1
1215;1
1213;1
1211;1
1210;1
1208;1
1206;1
1196;1
1195;1
1194;1
1189;1
1187;1
1183;1
12033;1
12828;1
12829;1
576;1
12032;1
4358;1
329;1
11712;1
12831;1
287;1
12833;1
11749;1
12836;1
11794;1
11797;1
11799;1
11801;1
11805;1
11809;1
11810;1
4991;1
11819;1
11820;1
11823;1
11828;1
11829;1
11831;1
11832;1
11839;1
11840;1
11842;1
11844;1
11846;1
11852;1
11853;1
4992;1
11858;1
4355;1
2597;1
2596;1
11864;1
11867;1
11869;1
2594;1
12025;1
2592;1
4353;1
11880;1
2588;1
4350;1
5333;1
2584;1
5334;1
4347;1
11896;1
4346;1
11898;1
11899;1
2579;1
11901;1
2576;1
11907;1
11908;1
11909;1
11913;1
2573;1
11916;1
11918;1
4621;1
4690;1
11923;1
11925;1
2567;1
12478;1
2565;1
11936;1
12751;1
4996;1
11941;1
11944;1
2561;1
4339;1
4338;1
2558;1
12023;1
11953;1
11958;1
11961;1
5342;1
2555;1
11969;1
11970;1
11972;1
12476;1
11974;1
11975;1
11976;1
12470;1
11982;1
11983;1
11984;1
11985;1
12469;1
11989;1
12465;1
2547;1
11997;1
2546;1
2545;1
12001;1
2544;1
2542;1
12007;1
12008;1
12009;1
2540;1
2537;1
4822;1
4522;1
2532;1
2528;1
4328;1
2523;1
5001;1
2520;1
2518;1
2515;1
2514;1
2511;1
2510;1
2508;1
12456;1
4620;1
2504;1
4322;1
2501;1
2500;1
2498;1
5004;1
2494;1
5353;1
5354;1
2487;1
12448;1
2483;1
2482;1
4313;1
4668;1
2479;1
4311;1
2476;1
2475;1
2474;1
2472;1
2470;1
4617;1
2464;1
2463;1
5359;1
4306;1
4737;1
2456;1
2454;1
4302;1
4301;1
2450;1
2449;1
2448;1
2446;1
5363;1
4409;1
5365;1
4295;1
2437;1
2436;1
12442;1
2434;1
12758;1
4294;1
4738;1
4290;1
4288;1
4285;1
4284;1
4669;1
5371;1
4280;1
2427;1
2426;1
4520;1
2424;1
4519;1
4517;1
2417;1
2416;1
4562;1
4270;1
2410;1
5016;1
4268;1
2405;1
2404;1
2401;1
2400;1
2397;1
5381;1
2395;1
2393;1
4260;1
2388;1
4259;1
4832;1
2383;1
2382;1
4654;1
2379;1
2376;1
2371;1
2365;1
8130;1
2363;1
5021;1
4672;1
2357;1
4743;1
4246;1
12771;1
2351;1
4633;1
2345;1
2342;1
2339;1
4244;1
2336;1
4631;1
8174;1
2334;1
2333;1
2332;1
4242;1
4241;1
2327;1
2323;1
5396;1
4515;1
5397;1
2318;1
2316;1
4237;1
4514;1
2312;1
12709;1
8202;1
4840;1
4512;1
8206;1
4510;1
4841;1
8218;1
4746;1
4227;1
8223;1
8224;1
12437;1
12435;1
8228;1
8232;1
8233;1
4225;1
4509;1
5403;1
5404;1
8242;1
8250;1
4218;1
5406;1
4215;1
5031;1
8258;1
8260;1
4212;1
5033;1
4507;1
4207;1
8274;1
5412;1
12429;1
4201;1
4506;1
5414;1
5416;1
4655;1
4193;1
8300;1
5035;1
8304;1
8305;1
8306;1
4191;1
8308;1
8309;1
4190;1
4188;1
4186;1
4748;1
4183;1
5423;1
8326;1
5424;1
4180;1
8337;1
8339;1
8340;1
5426;1
12422;1
12420;1
8347;1
8354;1
8355;1
8356;1
8358;1
8359;1
5430;1
8361;1
5431;1
4500;1
8373;1
8376;1
6327;1
8378;1
4700;1
4159;1
8383;1
8384;1
4158;1
4157;1
8393;1
4156;1
2303;1
2302;1
12412;1
12410;1
2297;1
4152;1
12692;1
5441;1
2285;1
5042;1
2281;1
4408;1
5043;1
2274;1
4139;1
2270;1
2269;1
4136;1
5046;1
2265;1
2264;1
2263;1
2261;1
2260;1
4131;1
2257;1
2256;1
2254;1
5453;1
2252;1
2251;1
2248;1
2245;1
4851;1
2242;1
2240;1
2239;1
5456;1
4127;1
2236;1
4615;1
2233;1
2230;1
2229;1
2228;1
4853;1
4122;1
2223;1
4120;1
2221;1
4119;1
5461;1
2211;1
5462;1
4114;1
12687;1
5463;1
12778;1
2201;1
2199;1
5464;1
2195;1
2194;1
2192;1
5466;1
4108;1
12409;1
5468;1
4606;1
2182;1
12406;1
5471;1
2179;1
2177;1
2176;1
2175;1
12686;1
12681;1
12779;1
4605;1
2171;1
4100;1
12781;1
12782;1
4098;1
2156;1
2151;1
2148;1
2146;1
5474;1
2144;1
2142;1
2138;1
2137;1
2136;1
5475;1
4091;1
5478;1
4854;1
5060;1
5481;1
4085;1
6433;1
4084;1
2123;1
5061;1
2121;1
2120;1
2115;1
4753;1
6442;1
2109;1
2108;1
2106;1
4078;1
5486;1
4626;1
4072;1
6450;1
12403;1
5489;1
2089;1
2088;1
2087;1
2085;1
2083;1
4067;1
4066;1
2080;1
12397;1
4490;1
4407;1
4489;1
4656;1
2073;1
12679;1
2070;1
5495;1
2068;1
2067;1
2066;1
2065;1
12395;1
12394;1
4487;1
2059;1
2058;1
12677;1
12724;1
4756;1
2051;1
4558;1
12392;1
2034;1
6482;1
2029;1
6484;1
4484;1
5502;1
2025;1
2024;1
5503;1
4703;1
6492;1
6493;1
4482;1
5508;1
9799;3
9798;3
9797;3
3982;3
9789;3
9788;3
4648;3
5762;3
9780;3
4913;3
9775;3
9774;3
5756;3
9762;3
9752;3
9750;3
9748;3
9746;3
9744;3
9743;3
12221;3
9734;3
9732;3
4005;3
9726;3
9725;3
9724;3
12542;3
6589;3
4528;3
9717;3
5745;3
9714;3
9713;3
1844;3
9710;3
4210;3
9707;3
4017;3
4019;3
4020;3
9692;3
9690;3
4912;3
307;3
5487;3
4025;3
4026;3
9681;3
5410;3
5742;3
5741;3
5740;3
9672;3
9670;3
4598;3
9668;3
9663;3
12230;3
5177;3
6659;3
9660;3
9658;3
9657;3
9655;3
9654;3
9650;3
9648;3
9640;3
4529;3
5174;3
4781;3
4052;3
5594;3
9623;3
9617;3
9615;3
5727;3
9612;3
9611;3
9604;3
6896;3
9602;3
9599;3
9597;3
5725;3
5724;3
9587;3
5721;3
12563;3
12565;3
6882;3
6881;3
9573;3
4907;3
9566;3
4778;3
9557;3
6868;3
9551;3
9549;3
12834;3
12835;3
9544;3
12566;3
2196;3
9539;3
9538;3
9531;3
9529;3
4413;3
9527;3
4415;3
5698;3
9510;3
12233;3
12244;3
6842;3
4561;3
9496;3
4607;3
8272;3
6839;3
8273;3
9492;3
1963;3
9487;3
5693;3
9482;3
4205;3
6829;3
11807;3
9474;3
4485;3
12432;3
12580;3
5689;3
9466;3
4774;3
9463;3
5465;3
9462;3
5686;3
8279;3
8280;3
6821;3
11822;3
4203;3
9457;3
9454;3
5684;3
4773;3
5413;3
8283;3
9447;3
4760;3
8285;3
11833;3
12028;3
12026;3
6815;3
9439;3
9435;3
1855;3
4199;3
11841;3
1859;3
9428;3
5415;3
9427;3
8290;3
5681;3
4772;3
5678;3
11850;3
9420;3
12713;3
8292;3
9419;3
11855;3
9417;3
6521;3
5417;3
11859;3
11860;3
1920;3
5467;3
9126;3
9123;3
12588;3
11866;3
8299;3
2595;3
2189;3
6653;3
11871;3
6651;3
11873;3
2593;3
2098;3
4993;3
12404;3
11878;3
5332;3
5550;3
12024;3
2030;3
4351;3
4559;3
11885;3
11886;3
6491;3
4070;3
11889;3
12479;3
1921;3
11892;3
11893;3
4189;3
11895;3
6548;3
8313;3
5420;3
12400;3
5591;3
5036;3
2578;3
2577;3
11904;3
2178;3
4345;3
1862;3
1863;3
9109;3
2574;3
11911;3
9415;3
9107;3
9414;3
8323;3
9105;3
11917;3
9103;3
2572;3
4552;3
2569;3
4707;3
9096;3
11924;3
6636;3
8330;3
6633;3
8332;3
9413;3
9412;3
11931;3
6800;3
11933;3
9403;3
6797;3
1969;3
5337;3
11938;3
6579;3
5425;3
12351;3
11942;3
5339;3
6577;3
11945;3
8338;3
5498;3
4068;3
12426;3
4691;3
2173;3
4820;3
4177;3
6796;3
11955;3
5672;3
11957;3
12398;3
11959;3
6794;3
6494;3
9393;3
11963;3
12595;3
5427;3
4734;3
1923;3
11968;3
4175;3
6629;3
12477;3
12419;3
4674;3
8352;3
8353;3
1970;3
11977;3
11978;3
11979;3
12474;3
1971;3
12361;3
5429;3
5544;3
1972;3
9390;3
6518;3
12466;3
6569;3
4171;3
4893;3
11992;3
4170;3
11994;3
11995;3
11996;3
9081;3
4099;3
5432;3
12000;3
8367;3
5039;3
12003;3
2543;3
8369;3
12006;3
5434;3
8371;3
2165;3
9384;3
4429;3
12012;3
12784;3
2539;3
12019;3
12016;3
12017;3
12018;3
2538;3
5435;3
4770;3
9375;3
4333;3
5436;3
5542;3
1885;3
6777;3
12262;3
6775;3
5345;3
4889;3
12274;3
9352;3
6763;3
1887;3
5658;3
2527;3
2526;3
5346;3
2160;3
12280;3
5041;3
4160;3
2521;3
6565;3
2519;3
4097;3
4667;3
2516;3
2158;3
12284;3
4463;3
2513;3
4571;3
5576;3
2309;3
4324;3
2157;3
9336;3
5520;3
2506;3
8390;3
8391;3
6336;3
4321;3
2155;3
4096;3
2499;3
4869;3
4604;3
2496;3
12287;3
9066;3
2493;3
12291;3
9325;3
6755;3
9321;3
5352;3
1777;3
1778;3
4316;3
12452;3
2308;3
4315;3
4825;3
4155;3
4154;3
2305;3
1780;3
9317;3
4153;3
1781;3
5058;3
6751;3
9315;3
2152;3
12417;3
6515;3
2473;3
1889;3
9314;3
2298;3
9312;3
9310;3
4310;3
9306;3
2149;3
5519;3
2295;3
5358;3
5570;3
1783;3
5439;3
5361;3
2457;3
2292;3
5009;3
2291;3
1892;3
2452;3
12688;3
4148;3
5440;3
5539;3
2447;3
5538;3
4300;3
2284;3
2443;3
12757;3
2147;3
12773;3
12296;3
5652;3
4521;3
4885;3
5650;3
2439;3
2282;3
1929;3
1984;3
1784;3
2279;3
2044;3
5044;3
5366;3
2432;3
5446;3
4291;3
5045;3
4289;3
4093;3
4830;3
5012;3
1785;3
6512;3
4138;3
9295;3
4625;3
4282;3
6739;3
9287;3
5645;3
9281;3
5644;3
12301;3
5448;3
5643;3
5639;3
9267;3
5638;3
9261;3
9253;3
9249;3
9248;3
6720;3
4881;3
6717;3
2141;3
5014;3
5568;3
1787;3
1788;3
1791;3
1793;3
5373;3
12717;3
2420;3
5015;3
12440;3
4544;3
2071;3
4565;3
1573;3
1572;3
2414;3
12091;3
4701;3
4271;3
4862;3
1576;3
2042;3
5293;3
3088;3
5982;3
10971;3
3091;3
2041;3
3092;3
3093;3
4752;3
9240;3
4976;3
4575;3
5980;3
12816;3
4542;3
3076;3
5378;3
2406;3
3073;3
12822;3
12098;3
12101;3
12102;3
12104;3
1560;3
4573;3
12108;3
10951;3
1794;3
10941;3
4577;3
10925;3
4726;3
10916;3
10914;3
12499;3
10909;3
10908;3
12500;3
1558;3
6608;3
4266;3
9237;3
5476;3
1553;3
5566;3
2399;3
1550;3
1548;3
5379;3
1802;3
1545;3
9233;3
3069;3
12496;3
5017;3
5996;3
12769;3
3066;3
1537;3
1804;3
10903;3
5565;3
5382;3
5504;3
4261;3
4977;3
2391;3
10902;3
10897;3
4850;3
5287;3
2389;3
6605;3
2387;3
5477;3
10894;3
10885;3
5626;3
10883;3
10877;3
2258;3
4645;3
4809;3
12495;3
6508;3
1517;3
12737;3
3052;3
4978;3
2038;3
4256;3
4525;3
9228;3
2255;3
6478;3
3125;3
1508;3
5307;3
1506;3
11094;3
4808;3
4686;3
5386;3
1503;3
12120;3
10858;3
4253;3
10856;3
5956;3
10852;3
4806;3
1499;3
12353;3
12310;3
6706;3
12121;3
7504;3
10846;3
4641;3
1495;3
4389;3
4252;3
4523;3
7501;3
9222;3
1491;3
1898;3
1489;3
9220;3
9218;3
9215;3
9213;3
10843;3
4722;3
1483;3
5623;3
3036;3
1480;3
2366;3
10839;3
6500;3
7497;3
7495;3
10832;3
5946;3
2005;3
10829;3
5945;3
3028;3
3027;3
6700;3
5621;3
5620;3
2250;3
1464;3
10825;3
10824;3
1812;3
1459;3
10822;3
10819;3
1456;3
1939;3
1454;3
12699;3
5313;3
2360;3
3020;3
4813;3
5389;3
12313;3
4984;3
4879;3
10818;3
4878;3
4877;3
12059;3
9198;3
4468;3
12315;3
12714;3
4247;3
12320;3
1435;3
12748;3
5511;3
10813;3
4721;3
10809;3
9186;3
5050;3
1942;3
12322;3
4961;3
5939;3
10804;3
12325;3
7481;3
4622;3
10793;3
5269;3
10786;3
4650;3
10784;3
5931;3
10770;3
10768;3
1422;3
2348;3
2061;3
2346;3
2060;3
1417;3
7463;3
3009;3
10765;3
10761;3
9178;3
5925;3
7452;3
5392;3
5505;3
7451;3
2341;3
2340;3
4380;3
4405;3
7450;3
1404;3
6685;3
5562;3
12332;3
1400;3
3005;3
12336;3
9164;3
5609;3
10745;3
1394;3
7447;3
12131;3
4612;3
10733;3
5917;3
1390;3
12134;3
12512;3
4798;3
4797;3
1386;3
9158;3
6558;3
1903;3
2116;3
12054;3
1380;3
3000;3
2234;3
5509;3
1377;3
10725;3
4125;3
12488;3
5053;3
10722;3
1371;3
10721;3
12439;3
8180;3
6556;3
4839;3
6555;3
10719;3
2326;3
1362;3
5395;3
7436;3
1359;3
10715;3
7431;3
9155;3
10708;3
10701;3
12140;3
7422;3
7419;3
1353;3
8187;3
10684;3
5903;3
10675;3
10671;3
5063;3
1350;3
12438;3
4730;3
12049;3
2227;3
12678;3
12487;3
4377;3
5900;3
2988;3
10664;3
4946;3
12147;3
2320;3
10654;3
4987;3
1910;3
5055;3
2317;3
1333;3
6552;3
2315;3
5247;3
2056;3
2110;3
10647;3
1326;3
2220;3
10641;3
2984;3
1913;3
12482;3
1320;3
4118;3
1318;3
2981;3
1316;3
8203;3
4117;3
2216;3
2215;3
5399;3
1310;3
5889;3
8208;3
4375;3
1307;3
6551;3
4234;3
2977;3
10633;3
8212;3
12039;3
1301;3
2976;3
4233;3
1298;3
7388;3
4232;3
5321;3
2213;3
10629;3
4230;3
10628;3
5243;3
4229;3
10622;3
7383;3
2212;3
2017;3
12152;3
10615;3
10610;3
10609;3
7380;3
4766;3
4369;3
4452;3
1817;3
5561;3
10607;3
10598;3
1944;3
6600;3
1277;3
12436;3
1274;3
5877;3
7373;3
7372;3
10593;3
5239;3
7370;3
5236;3
5870;3
10579;3
4588;3
7356;3
1582;3
4079;3
4367;3
5229;3
1946;3
1268;3
8229;3
4365;3
1264;3
4226;3
2963;3
5862;3
4402;3
1260;3
5325;3
1258;3
8231;3
12155;3
6598;3
4715;3
1915;3
7343;3
1599;3
1603;3
4788;3
2960;3
2959;3
4731;3
4866;3
1248;3
2949;3
5402;3
1605;3
8236;3
1828;3
1242;3
8238;3
2205;3
1832;3
4843;3
7341;3
7340;3
12810;3
12809;3
1234;3
5853;3
1611;3
1231;3
7335;3
1228;3
7334;3
2203;3
8243;3
11439;3
1620;3
1624;3
8244;3
1625;3
1630;3
12160;3
1636;3
5601;3
1217;3
1216;3
4601;3
7326;3
4937;3
5599;3
7324;3
8248;3
4219;3
5847;3
5557;3
1647;3
4113;3
12035;3
4936;3
12514;3
12517;3
12165;3
1200;3
12166;3
1656;3
1197;3
4508;3
12777;3
1947;3
1658;3
12168;3
5220;3
7315;3
9141;3
7314;3
4550;3
1668;3
1185;3
1674;3
4765;3
1679;3
1681;3
1689;3
12519;3
5832;3
4930;3
5210;3
7293;3
12520;3
1704;3
4928;3
1710;3
3145;3
1712;3
4927;3
3150;3
1717;3
4785;3
1719;3
5823;3
1725;3
1731;3
1734;3
12803;3
11508;3
1739;3
5822;3
1745;3
1746;3
12832;3
12788;3
1751;3
1752;3
12786;3
1757;3
1758;3
1761;3
1766;3
1767;3
10316;3
10311;3
10305;3
10294;3
10291;3
10288;3
12034;3
10282;3
1001;3
10277;3
10276;3
4472;3
10275;3
10273;3
10266;3
10262;3
10256;3
10252;3
10246;3
10244;3
4359;3
10230;3
12184;3
12187;3
10209;3
10204;3
10195;3
10188;3
10185;3
10181;3
10178;3
10176;3
10175;3
10173;3
10168;3
10167;3
10164;3
10162;3
10157;3
10145;3
10144;3
10141;3
10137;3
10130;3
5820;3
8259;3
10121;3
12188;3
10093;3
10090;3
10080;3
5204;3
10071;3
10070;3
10061;3
12193;3
10053;3
10049;3
5818;3
5817;3
5815;3
10040;3
5812;3
3894;3
10021;3
10017;3
10016;3
3896;3
5810;3
10011;3
10010;3
10009;3
10006;3
12195;3
10002;3
10001;3
12525;3
9992;3
9986;3
9981;3
9980;3
1773;3
12526;3
9963;3
9962;3
9959;3
9957;3
9956;3
12528;3
5805;3
12532;3
9941;3
4075;3
9934;3
9933;3
5796;3
9923;3
9922;3
5795;3
4922;3
3930;3
9911;3
9910;3
12200;3
9908;3
12645;3
5791;3
5196;3
12538;3
9899;3
9897;3
9895;3
12202;3
9890;3
9133;3
12539;3
9888;3
9887;3
5789;3
5788;3
5786;3
9878;3
9877;3
9875;3
5195;3
4538;3
4920;3
12030;3
12213;3
3953;3
3954;3
9862;3
9859;3
9857;3
5779;3
9853;3
9852;3
5777;3
9846;3
9845;3
9843;3
3958;3
3960;3
3961;3
4784;3
5774;3
9826;3
3965;3
5772;3
9815;3
3973;3
5768;3
5766;3
4639;12
4642;12
4644;12
4647;12
4651;12
4653;12
4658;12
4659;12
4661;12
4662;12
4663;12
4664;12
4665;12
4670;12
4671;12
4673;12
4675;12
4676;12
4677;12
4678;12
4680;12
4682;12
4683;12
4684;12
4685;12
4687;12
4688;12
4692;12
4693;12
4694;12
4695;12
4696;12
4697;12
4698;12
4699;12
4702;12
4705;12
4706;12
4708;12
4710;12
4711;12
4712;12
4713;12
4716;12
4720;12
4723;12
4725;12
4727;12
4728;12
4729;12
4732;12
4733;12
4499;12
4736;12
4739;12
4740;12
4741;12
4742;12
4747;12
4749;12
4750;12
4751;12
4755;12
4757;12
4758;12
4759;12
4761;12
4763;12
4767;12
4769;12
4498;12
4777;12
4780;12
4497;12
4783;12
4789;12
4790;12
4792;12
4794;12
4799;12
4800;12
4802;12
4803;12
4804;12
4805;12
4807;12
4810;12
4811;12
4812;12
4814;12
4815;12
4816;12
4818;12
4819;12
4821;12
4823;12
4826;12
4828;12
4829;12
4831;12
4833;12
4834;12
4835;12
4836;12
4837;12
4838;12
4842;12
4844;12
4845;12
4846;12
4847;12
4848;12
4849;12
4856;12
4857;12
4858;12
4859;12
4860;12
4861;12
4863;12
4864;12
4868;12
4870;12
4872;12
4873;12
4874;12
4875;12
4876;12
4883;12
4887;12
4891;12
4892;12
4895;12
4896;12
4897;12
4898;12
4902;12
4903;12
4904;12
4908;12
4909;12
4910;12
4914;12
4916;12
4918;12
4926;12
4932;12
4935;12
4938;12
4939;12
4940;12
4941;12
4942;12
4943;12
4949;12
4950;12
4951;12
4955;12
4956;12
4957;12
4959;12
4960;12
4496;12
4964;12
4965;12
4966;12
4967;12
4968;12
4969;12
4970;12
4972;12
4979;12
4981;12
4983;12
4985;12
4986;12
4990;12
4994;12
4995;12
4997;12
4998;12
4999;12
4495;12
5002;12
5003;12
5005;12
5006;12
5007;12
5008;12
5010;12
5011;12
5013;12
5018;12
4494;12
5020;12
5022;12
5023;12
5024;12
4493;12
5026;12
5027;12
5028;12
5029;12
5030;12
5034;12
5037;12
5038;12
5040;12
5047;12
5048;12
5049;12
5051;12
4492;12
5054;12
5059;12
5062;12
5064;12
4491;12
4488;12
4486;12
4483;12
4479;12
4478;12
4475;12
4473;12
4471;12
4470;12
4469;12
4467;12
4465;12
4464;12
4462;12
4461;12
4460;12
4457;12
5116;12
4450;12
4449;12
4448;12
4447;12
4445;12
4444;12
4441;12
4438;12
4437;12
5134;12
4436;12
4435;12
4434;12
4433;12
4431;12
4430;12
4428;12
4427;12
4426;12
4425;12
4424;12
4423;12
4422;12
4418;12
4417;12
5158;12
5163;12
5165;12
5166;12
5167;12
5168;12
5169;12
5171;12
5172;12
5173;12
5175;12
5179;12
5183;12
5185;12
5186;12
5187;12
5188;12
5190;12
5191;12
5193;12
5194;12
5197;12
5198;12
5202;12
5203;12
5206;12
5207;12
5208;12
5209;12
5211;12
5213;12
5214;12
5215;12
5218;12
5219;12
5221;12
5222;12
5224;12
5225;12
5234;12
5237;12
5238;12
5240;12
5245;12
5248;12
5249;12
5250;12
5251;12
5252;12
5253;12
5254;12
5255;12
5256;12
5258;12
5259;12
5260;12
5264;12
5265;12
5268;12
5270;12
5271;12
5272;12
5273;12
5274;12
5275;12
5276;12
5277;12
5280;12
5281;12
5283;12
5284;12
5288;12
5290;12
5291;12
4410;12
5299;12
5304;12
5306;12
5308;12
5309;12
5310;12
5311;12
5314;12
5315;12
5316;12
5318;12
5319;12
5323;12
5324;12
5326;12
5329;12
5330;12
5331;12
5335;12
5336;12
5338;12
5340;12
5341;12
5343;12
5344;12
5347;12
5348;12
5350;12
5351;12
5355;12
5356;12
5357;12
5360;12
5362;12
5367;12
5368;12
5369;12
5370;12
5372;12
5374;12
5377;12
5380;12
5383;12
5384;12
5385;12
5387;12
5388;12
5390;12
5391;12
5393;12
5394;12
5398;12
5400;12
5401;12
5405;12
5407;12
5408;12
5409;12
5418;12
5419;12
5421;12
5422;12
5428;12
5433;12
5437;12
5438;12
5442;12
5444;12
5445;12
5447;12
5449;12
5450;12
5451;12
5452;12
5454;12
5455;12
5457;12
5458;12
5459;12
5460;12
5470;12
5472;12
5473;12
5479;12
5480;12
5482;12
5483;12
5484;12
5485;12
5488;12
5490;12
5491;12
5493;12
5494;12
5496;12
5497;12
5500;12
5501;12
5506;12
5507;12
4406;12
5512;12
5513;12
5514;12
5517;12
5524;12
5525;12
5526;12
5530;12
5531;12
5532;12
5533;12
5541;12
5543;12
5548;12
5551;12
5552;12
5555;12
5556;12
5558;12
5559;12
5560;12
5564;12
5572;12
5573;12
5575;12
5578;12
5579;12
5584;12
5585;12
5588;12
5593;12
5595;12
5597;12
5598;12
5600;12
5602;12
5603;12
5605;12
5606;12
5607;12
5608;12
5613;12
5615;12
5617;12
5618;12
5619;12
5622;12
5624;12
5625;12
5631;12
5632;12
5634;12
5636;12
5640;12
5641;12
5647;12
5649;12
5651;12
5655;12
5656;12
5660;12
5662;12
5663;12
5664;12
5666;12
5667;12
5668;12
5669;12
5670;12
5671;12
5677;12
5680;12
5683;12
5687;12
5690;12
5691;12
5692;12
5694;12
4404;12
5696;12
5697;12
5699;12
5700;12
5704;12
5705;12
5707;12
5708;12
5710;12
5711;12
5712;12
5714;12
5716;12
5717;12
5718;12
5719;12
5723;12
5728;12
5731;12
5733;12
5735;12
5738;12
5739;12
5744;12
5748;12
5749;12
5755;12
5757;12
5758;12
5763;12
5764;12
5769;12
5770;12
5773;12
5775;12
5778;12
5781;12
5782;12
5783;12
5784;12
5790;12
5794;12
5802;12
5808;12
5809;12
5811;12
5814;12
5816;12
5819;12
5821;12
5825;12
5826;12
5827;12
5828;12
5830;12
5831;12
5833;12
5834;12
5836;12
5837;12
5838;12
5839;12
5841;12
5843;12
5845;12
5846;12
5849;12
5851;12
5854;12
5855;12
5857;12
5860;12
5863;12
5864;12
4401;12
5866;12
5867;12
5868;12
5869;12
5871;12
5872;12
5873;12
5875;12
5876;12
5878;12
5879;12
5880;12
5883;12
5885;12
5887;12
5890;12
5892;12
5894;12
5896;12
5897;12
5898;12
5899;12
5901;12
5902;12
5906;12
5907;12
5911;12
5914;12
5915;12
5916;12
5918;12
5919;12
5921;12
5922;12
5923;12
5924;12
5932;12
5934;12
5935;12
5936;12
5940;12
5941;12
5949;12
5950;12
5951;12
5953;12
5954;12
5955;12
5957;12
5958;12
5960;12
5961;12
5963;12
4399;12
5968;12
5969;12
5970;12
5973;12
5974;12
5975;12
5977;12
5978;12
4398;12
5985;12
5986;12
5988;12
5989;12
5990;12
5991;12
5992;12
5993;12
5994;12
5997;12
4397;12
4395;12
4394;12
12698;12
4391;12
4386;12
4385;12
4384;12
4383;12
12700;12
12702;12
12703;12
12705;12
4381;12
4378;12
4376;12
4373;12
4372;12
4370;12
4368;12
4366;12
4364;12
4363;12
4361;12
4360;12
4357;12
4356;12
4354;12
4352;12
4349;12
4348;12
4344;12
4343;12
4342;12
4341;12
4340;12
4337;12
4336;12
4335;12
4334;12
4332;12
4330;12
4329;12
4327;12
4326;12
4325;12
4323;12
4320;12
4319;12
4318;12
4317;12
4314;12
4312;12
4309;12
4308;12
4307;12
4305;12
4304;12
4303;12
4299;12
4298;12
4297;12
4293;12
4292;12
4287;12
4286;12
4283;12
4281;12
4279;12
4276;12
4274;12
4273;12
4272;12
4269;12
4267;12
4265;12
4264;12
4263;12
4262;12
4258;12
4257;12
4255;12
4254;12
4251;12
4250;12
4249;12
4248;12
12706;12
4245;12
4243;12
4240;12
12707;12
12708;12
4238;12
12710;12
12712;12
4231;12
4228;12
4224;12
4222;12
4221;12
4220;12
4216;12
4214;12
4213;12
4211;12
4208;12
4206;12
4204;12
4202;12
4198;12
4197;12
4196;12
4195;12
4194;12
4192;12
4187;12
4185;12
4184;12
4182;12
4181;12
4179;12
4178;12
4176;12
4174;12
4173;12
4172;12
4169;12
4168;12
4167;12
4166;12
4164;12
4163;12
4162;12
4161;12
4151;12
4147;12
4146;12
4145;12
4144;12
4143;12
4142;12
4141;12
4140;12
4137;12
4135;12
4134;12
4133;12
4132;12
4130;12
4129;12
4128;12
12715;12
4126;12
4124;12
4123;12
4121;12
4116;12
4115;12
12716;12
4112;12
4111;12
4110;12
4109;12
4107;12
4106;12
4105;12
4104;12
4101;12
4095;12
4094;12
12718;12
4092;12
4090;12
4089;12
4088;12
4087;12
4086;12
4083;12
4082;12
4081;12
4080;12
4076;12
4074;12
4073;12
4071;12
4069;12
6459;12
12719;12
12720;12
4065;12
12721;12
12722;12
12725;12
12726;12
12727;12
6483;12
6485;12
6486;12
6487;12
6488;12
6489;12
6490;12
6495;12
6496;12
6497;12
6498;12
6499;12
6501;12
6502;12
6504;12
6506;12
6507;12
6511;12
6513;12
6514;12
6516;12
6519;12
6520;12
6523;12
6526;12
6527;12
6528;12
6529;12
6531;12
6533;12
6539;12
6540;12
6542;12
6546;12
6549;12
6553;12
6560;12
6561;12
6562;12
6563;12
6564;12
6566;12
6567;12
6568;12
6570;12
6571;12
6573;12
6575;12
6576;12
6578;12
6581;12
6582;12
6587;12
6588;12
6590;12
6591;12
6593;12
6594;12
6596;12
6597;12
6599;12
6601;12
6602;12
6603;12
6604;12
6606;12
6607;12
6611;12
6613;12
6614;12
6615;12
6618;12
6619;12
4062;12
6621;12
6622;12
6623;12
6624;12
6625;12
6626;12
6628;12
6637;12
6638;12
6639;12
6640;12
6641;12
6642;12
6643;12
6644;12
6645;12
6647;12
6649;12
6650;12
6654;12
6657;12
6660;12
6661;12
6665;12
6666;12
6667;12
6668;12
6669;12
6671;12
6672;12
6673;12
6675;12
6676;12
6677;12
6678;12
6680;12
6683;12
6686;12
6688;12
6689;12
4061;12
6692;12
6694;12
6695;12
6696;12
6697;12
6698;12
6699;12
6701;12
6702;12
6704;12
6705;12
6710;12
6712;12
6714;12
6715;12
6716;12
6719;12
6721;12
6722;12
6723;12
6724;12
6725;12
6727;12
6728;12
6729;12
6730;12
6731;12
6732;12
6734;12
6736;12
6737;12
6740;12
6743;12
6744;12
6745;12
6746;12
6747;12
6749;12
6750;12
6754;12
6757;12
6758;12
6760;12
6761;12
6762;12
6764;12
6766;12
6771;12
6772;12
6774;12
6776;12
6780;12
6781;12
6782;12
6784;12
6785;12
6787;12
6795;12
6798;12
6799;12
6801;12
6802;12
6804;12
6805;12
6806;12
6807;12
6809;12
6814;12
6817;12
6818;12
6822;12
6823;12
6824;12
6825;12
6826;12
6831;12
6832;12
6833;12
6834;12
6838;12
6840;12
6841;12
6843;12
6844;12
6845;12
6846;12
6848;12
6849;12
6851;12
6852;12
6855;12
6859;12
6861;12
6863;12
6864;12
6866;12
6867;12
6869;12
6871;12
6872;12
6873;12
6874;12
6875;12
6876;12
6877;12
6885;12
6887;12
6888;12
6889;12
6890;12
6891;12
6895;12
4056;12
4049;12
4048;12
4047;12
4045;12
4044;12
4043;12
4042;12
4040;12
4038;12
4037;12
4036;12
4033;12
4031;12
4029;12
4028;12
4027;12
4024;12
4015;12
4014;12
4012;12
4010;12
4004;12
4003;12
4002;12
4001;12
3997;12
3995;12
3994;12
3993;12
3991;12
3990;12
3989;12
3988;12
3987;12
3986;12
3985;12
3983;12
3980;12
3979;12
3978;12
3977;12
3976;12
3975;12
3970;12
3967;12
3966;12
3963;12
3962;12
3959;12
3957;12
3956;12
3955;12
3952;12
3950;12
3949;12
3948;12
3947;12
3946;12
3944;12
3943;12
3942;12
3941;12
3934;12
3933;12
3932;12
3929;12
3928;12
3927;12
3926;12
3925;12
3924;12
3923;12
3921;12
3920;12
3919;12
3918;12
3916;12
12728;12
3910;12
3909;12
3905;12
3899;12
3897;12
3895;12
3893;12
12729;12
3891;12
3890;12
12730;12
12731;12
12732;12
12733;12
3723;12
12734;12
12735;12
3152;12
3151;12
7282;12
3149;12
3143;12
3142;12
3141;12
7294;12
7295;12
7296;12
7298;12
7299;12
7301;12
7302;12
7304;12
7305;12
7307;12
7308;12
7310;12
7311;12
7312;12
7313;12
7316;12
7321;12
7322;12
7323;12
7325;12
7327;12
7328;12
7333;12
7338;12
7342;12
7344;12
7345;12
7347;12
7348;12
7349;12
7351;12
7352;12
7353;12
7354;12
7355;12
7357;12
7358;12
3139;12
7361;12
7362;12
7363;12
7364;12
7366;12
7367;12
7368;12
7369;12
7371;12
7374;12
7376;12
7378;12
7379;12
7382;12
7384;12
7385;12
7386;12
7387;12
7390;12
7391;12
7392;12
7394;12
7395;12
7396;12
7397;12
7403;12
7404;12
7405;12
7406;12
7407;12
7409;12
7410;12
7411;12
7412;12
7414;12
7417;12
7418;12
7420;12
7425;12
7426;12
7429;12
7430;12
7432;12
7433;12
7434;12
7435;12
7437;12
7439;12
7440;12
7442;12
7444;12
7446;12
7448;12
7449;12
7454;12
7456;12
7457;12
7459;12
7460;12
7461;12
7462;12
7464;12
7466;12
7468;12
7469;12
7472;12
7474;12
7477;12
7478;12
7480;12
7483;12
7484;12
7486;12
7487;12
7488;12
7489;12
7490;12
7491;12
7492;12
7494;12
7496;12
7498;12
7499;12
7502;12
7503;12
7505;12
7506;12
3134;12
3133;12
3130;12
3129;12
3128;12
3127;12
3126;12
12736;12
3124;12
12738;12
12739;12
3121;12
3120;12
3118;12
3117;12
12740;12
3116;12
3112;12
3109;12
3105;12
3104;12
3103;12
3099;12
3098;12
3097;12
3096;12
3094;12
3089;12
3086;12
3085;12
3084;12
3083;12
3082;12
12745;12
3081;12
3080;12
3078;12
3077;12
3074;12
3072;12
3070;12
3067;12
3065;12
3063;12
3060;12
3059;12
3058;12
3057;12
3051;12
3049;12
3047;12
3046;12
3045;12
3044;12
3043;12
3041;12
3040;12
3039;12
12746;12
3037;12
3035;12
3033;12
12747;12
3032;12
3031;12
3030;12
3029;12
3026;12
3025;12
3024;12
3022;12
3021;12
3019;12
3018;12
3017;12
3015;12
3013;12
3012;12
3011;12
3010;12
3008;12
3007;12
3006;12
3004;12
3002;12
3001;12
2999;12
2995;12
2994;12
2993;12
2992;12
2989;12
2987;12
2979;12
2978;12
2975;12
2974;12
2973;12
2972;12
2971;12
2969;12
2967;12
2966;12
2965;12
2964;12
2962;12
2958;12
2957;12
2911;12
2902;12
2764;12
2732;12
2671;12
2599;12
2598;12
2591;12
2590;12
2589;12
2587;12
2586;12
2585;12
2582;12
2581;12
2580;12
2575;12
2570;12
2568;12
12750;12
2564;12
2562;12
2560;12
2559;12
2557;12
12752;12
12753;12
12754;12
2556;12
12755;12
12756;12
2541;12
2536;12
2535;12
2534;12
2533;12
2531;12
2530;12
2529;12
2525;12
2524;12
2522;12
2517;12
2512;12
2509;12
2505;12
2503;12
2502;12
2497;12
2495;12
2492;12
2491;12
2490;12
2489;12
2486;12
2485;12
2481;12
2480;12
2478;12
2477;12
2471;12
2469;12
2468;12
2467;12
2466;12
2465;12
2462;12
2461;12
2460;12
2459;12
2458;12
2455;12
2453;12
2451;12
2445;12
2444;12
2442;12
2441;12
2440;12
2438;12
12759;12
2433;12
12760;12
12761;12
2431;12
2430;12
12762;12
12763;12
12764;12
12765;12
12766;12
12767;12
8038;12
8045;12
2429;12
2428;12
2425;12
2423;12
2422;12
2421;12
2419;12
2415;12
2413;12
2412;12
2411;12
2409;12
2408;12
2407;12
2403;12
2402;12
2398;12
12768;12
2396;12
2394;12
2392;12
2390;12
2386;12
2385;12
12770;12
2384;12
2381;12
2380;12
2378;12
2377;12
2375;12
2374;12
2373;12
2372;12
2369;12
2368;12
2367;12
2364;12
2362;12
2361;12
2359;12
2358;12
2356;12
2355;12
2354;12
2353;12
2352;12
2350;12
2349;12
2347;12
2344;12
2343;12
2338;12
2337;12
8211;12
2335;12
2331;12
2329;12
2328;12
2325;12
2324;12
2321;12
12772;12
2319;12
2314;12
2313;12
8201;12
8204;12
8205;12
8207;12
8209;12
8210;12
8213;12
8214;12
8215;12
8216;12
8217;12
8219;12
8220;12
8221;12
8222;12
8230;12
8234;12
8235;12
8237;12
8239;12
8240;12
8241;12
8245;12
8246;12
8247;12
8249;12
8251;12
8252;12
8253;12
8254;12
8255;12
8256;12
8257;12
8261;12
8262;12
8263;12
8264;12
8265;12
8266;12
8267;12
8268;12
8269;12
8270;12
8271;12
8275;12
8276;12
8281;12
8282;12
8284;12
8286;12
8287;12
8288;12
8289;12
8291;12
8293;12
8294;12
8295;12
8296;12
8297;12
8298;12
8301;12
8302;12
8303;12
8307;12
8310;12
8311;12
8312;12
8314;12
8315;12
8316;12
8317;12
8318;12
8319;12
8320;12
8321;12
8322;12
8324;12
8325;12
8327;12
2311;12
8329;12
8331;12
8333;12
8334;12
8335;12
8336;12
8342;12
8343;12
8346;12
8348;12
8349;12
8351;12
8357;12
8360;12
8362;12
8363;12
8364;12
8365;12
8366;12
8368;12
8370;12
8372;12
8374;12
8375;12
2310;12
8379;12
8380;12
8381;12
8382;12
8385;12
8386;12
8388;12
8389;12
8392;12
8394;12
2307;12
2306;12
2304;12
2296;12
2294;12
2290;12
2289;12
2288;12
2287;12
2286;12
2283;12
2280;12
2278;12
2277;12
2276;12
2275;12
2273;12
2272;12
2271;12
2268;12
2267;12
2266;12
2262;12
2259;12
12774;12
2253;12
2249;12
2247;12
2246;12
2244;12
2243;12
2238;12
2237;12
2235;12
2232;12
2231;12
2226;12
2225;12
2224;12
2222;12
2219;12
2218;12
2217;12
2214;12
2210;12
2209;12
12775;12
2208;12
2207;12
2206;12
2204;12
2202;12
12776;12
2200;12
2198;12
2197;12
2193;12
2191;12
2190;12
2188;12
2186;12
2185;12
2184;12
2183;12
2180;12
2174;12
2172;12
12780;12
2170;12
2169;12
2168;12
2167;12
2166;12
2164;12
2163;12
2162;12
2161;12
2159;12
2154;12
2153;12
2150;12
2145;12
2143;12
2140;12
2139;12
2135;12
2134;12
2133;12
2132;12
2131;12
2130;12
2129;12
2128;12
2127;12
2126;12
2125;12
2124;12
2122;12
2119;12
2118;12
2117;12
2114;12
2113;12
2112;12
2111;12
2107;12
2105;12
2104;12
2103;12
2102;12
2101;12
2100;12
2099;12
2095;12
2094;12
2092;12
2091;12
12783;12
2084;12
2082;12
2081;12
2078;12
2076;12
2075;12
2074;12
2072;12
2069;12
2062;12
2057;12
2054;12
2053;12
2052;12
2050;12
2049;12
2048;12
2047;12
2046;12
2045;12
2043;12
2039;12
2037;12
2036;12
2035;12
2033;12
2032;12
2031;12
2028;12
2027;12
2026;12
2023;12
2022;12
2021;12
2020;12
2019;12
2018;12
2016;12
2015;12
2014;12
2012;12
2011;12
2009;12
2006;12
2004;12
2001;12
2000;12
1999;12
1998;12
1997;12
1995;12
1993;12
1992;12
1990;12
1989;12
1988;12
1986;12
12785;12
1977;12
1976;12
1975;12
1974;12
1973;12
1968;12
1967;12
1966;12
1965;12
1962;12
1961;12
1960;12
1959;12
1958;12
1956;12
1955;12
1954;12
1953;12
1952;12
1951;12
1950;12
1949;12
1948;12
1945;12
1941;12
1938;12
1937;12
1936;12
1933;12
1932;12
1931;12
1930;12
1928;12
1924;12
1922;12
1917;12
1916;12
1914;12
1912;12
1909;12
1906;12
1905;12
1904;12
1902;12
1899;12
1897;12
1896;12
1895;12
1894;12
1893;12
1890;12
1888;12
1886;12
1884;12
1883;12
1881;12
1879;12
1877;12
1876;12
1875;12
1874;12
1871;12
1870;12
1869;12
1868;12
1867;12
1865;12
1860;12
1858;12
1854;12
1853;12
1852;12
1849;12
1848;12
1847;12
1842;12
1838;12
1837;12
1836;12
1834;12
1833;12
1830;12
1827;12
1824;12
1823;12
1822;12
1821;12
1818;12
1816;12
1815;12
1813;12
1807;12
1805;12
1799;12
1798;12
1797;12
1796;12
1792;12
1789;12
1786;12
9055;12
1782;12
9067;12
9068;12
9069;12
9070;12
9072;12
9075;12
9076;12
9077;12
9078;12
9079;12
9080;12
9082;12
9083;12
9084;12
9085;12
9086;12
9089;12
9090;12
9091;12
9093;12
9095;12
9097;12
9098;12
9099;12
9100;12
9101;12
9104;12
9106;12
9110;12
9113;12
9114;12
9116;12
9117;12
9118;12
9119;12
9120;12
9121;12
9122;12
9125;12
9128;12
9129;12
9130;12
9131;12
9132;12
9134;12
9135;12
9136;12
9137;12
9138;12
9139;12
9140;12
9142;12
9143;12
9144;12
9145;12
9146;12
9148;12
9149;12
9150;12
9151;12
9152;12
9154;12
9156;12
9160;12
9161;12
9165;12
9168;12
9169;12
9170;12
9173;12
9177;12
9179;12
9183;12
9184;12
9185;12
9187;12
9188;12
9194;12
9197;12
9199;12
9200;12
9201;12
9203;12
9204;12
9207;12
9208;12
9209;12
9214;12
9219;12
9221;12
9224;12
9225;12
9226;12
9229;12
9230;12
9232;12
9234;12
9235;12
9236;12
9239;12
9241;12
9242;12
9244;12
9245;12
9247;12
9250;12
9252;12
9259;12
9260;12
9262;12
9263;12
9264;12
9265;12
9268;12
9270;12
9271;12
9272;12
9273;12
9274;12
9275;12
9280;12
9283;12
9286;12
9288;12
9290;12
9291;12
9292;12
9294;12
9296;12
9297;12
9298;12
9299;12
9300;12
9302;12
9313;12
9316;12
9318;12
9319;12
9320;12
9322;12
9323;12
9324;12
9326;12
9330;12
9334;12
9342;12
9343;12
9344;12
9345;12
9346;12
9348;12
9349;12
9350;12
9355;12
9356;12
9357;12
9358;12
9364;12
9366;12
9368;12
9370;12
9372;12
9373;12
9374;12
9376;12
9377;12
9380;12
9381;12
9382;12
9383;12
9385;12
9386;12
9388;12
9391;12
9392;12
9394;12
9395;12
9396;12
9397;12
9398;12
9399;12
9400;12
9401;12
9402;12
9405;12
9407;12
9409;12
9416;12
9418;12
9422;12
9423;12
9424;12
9425;12
9426;12
9431;12
9432;12
9436;12
9438;12
9440;12
9441;12
9445;12
9450;12
9452;12
9453;12
9458;12
9459;12
9460;12
9461;12
9464;12
9465;12
9467;12
9468;12
9471;12
9476;12
9477;12
9478;12
9479;12
9483;12
9484;12
9488;12
9489;12
9490;12
9493;12
9494;12
9495;12
9497;12
9498;12
9499;12
9511;12
9512;12
9514;12
9515;12
9517;12
9519;12
9520;12
9523;12
9524;12
9525;12
9526;12
9528;12
9530;12
9532;12
9533;12
9534;12
9537;12
9540;12
9541;12
9543;12
9548;12
9550;12
9553;12
9554;12
9556;12
9558;12
9560;12
9562;12
9563;12
9565;12
9567;12
9568;12
9569;12
9570;12
9571;12
9572;12
9574;12
9575;12
9578;12
9579;12
9581;12
9582;12
9585;12
9586;12
9589;12
9590;12
9591;12
9594;12
9595;12
9596;12
9598;12
9601;12
9603;12
9607;12
9609;12
9614;12
9616;12
9618;12
9619;12
9620;12
9622;12
9624;12
9625;12
9627;12
9629;12
9630;12
9632;12
9633;12
9634;12
9635;12
9636;12
9638;12
9639;12
9641;12
9642;12
9643;12
9645;12
9646;12
9647;12
9651;12
9661;12
9664;12
9665;12
1776;12
9669;12
9671;12
9673;12
9674;12
1775;12
9677;12
9678;12
9679;12
1774;12
9683;12
9684;12
9685;12
9686;12
9687;12
9688;12
9691;12
9694;12
9698;12
9699;12
9700;12
9701;12
9704;12
9705;12
9715;12
9716;12
9718;12
9719;12
9720;12
9721;12
9722;12
9723;12
9728;12
9730;12
9735;12
9736;12
9738;12
9739;12
9745;12
9749;12
9755;12
9756;12
9758;12
9759;12
9761;12
9767;12
9771;12
9772;12
9773;12
9778;12
9781;12
9782;12
9783;12
9785;12
9786;12
9787;12
9790;12
9791;12
9793;12
9796;12
9800;12
9801;12
9802;12
9803;12
9805;12
9808;12
9809;12
9812;12
9814;12
9816;12
9817;12
9818;12
9819;12
9820;12
9821;12
9822;12
9824;12
9825;12
9828;12
9829;12
9830;12
9831;12
9834;12
9836;12
9841;12
9848;12
9849;12
9854;12
9864;12
9865;12
9867;12
9868;12
9869;12
9871;12
9872;12
9873;12
9876;12
9879;12
9881;12
9883;12
9884;12
9885;12
9886;12
9889;12
9901;12
9902;12
9903;12
9904;12
9905;12
9907;12
9912;12
9913;12
9914;12
9915;12
9916;12
9918;12
9921;12
9924;12
9925;12
9927;12
9928;12
9930;12
9932;12
9935;12
9936;12
9939;12
9940;12
9942;12
9943;12
9945;12
9947;12
9948;12
9949;12
9953;12
9954;12
9958;12
9960;12
9964;12
9969;12
9970;12
9971;12
9975;12
9976;12
9978;12
9979;12
9982;12
9989;12
9993;12
9994;12
9997;12
10000;12
10004;12
10008;12
10012;12
10013;12
10015;12
10018;12
10019;12
10020;12
10023;12
10024;12
10025;12
10026;12
10028;12
10029;12
10033;12
10035;12
10038;12
10039;12
10041;12
10042;12
10043;12
10044;12
10045;12
10046;12
10047;12
10048;12
10050;12
10051;12
10054;12
10057;12
10060;12
10062;12
10064;12
10065;12
10067;12
10068;12
10072;12
10073;12
10074;12
10075;12
10076;12
10077;12
10078;12
10079;12
10081;12
10082;12
1771;12
10084;12
10088;12
10092;12
10096;12
10098;12
10099;12
10100;12
10101;12
10102;12
10103;12
10106;12
10108;12
10111;12
10112;12
10114;12
10115;12
10120;12
10123;12
10124;12
10126;12
10128;12
10129;12
10131;12
10132;12
10133;12
10134;12
10135;12
10139;12
10142;12
10143;12
10146;12
10149;12
10150;12
10151;12
10152;12
10153;12
10156;12
10160;12
10161;12
10163;12
10166;12
10169;12
10170;12
10172;12
10174;12
10177;12
10179;12
10180;12
10182;12
10186;12
10189;12
10192;12
10193;12
10194;12
10196;12
10198;12
10199;12
10201;12
10203;12
10205;12
10206;12
10207;12
10210;12
10212;12
10213;12
10216;12
10217;12
10220;12
10222;12
10223;12
10224;12
10225;12
10228;12
10229;12
10231;12
10233;12
10235;12
10236;12
10239;12
10240;12
10242;12
10243;12
10245;12
10248;12
10250;12
10253;12
10254;12
10257;12
10258;12
10259;12
10260;12
10263;12
10265;12
10267;12
10268;12
10269;12
10271;12
10272;12
10278;12
10279;12
10280;12
10281;12
10283;12
10284;12
10286;12
10287;12
10289;12
10290;12
1769;12
10296;12
10297;12
10301;12
10302;12
10306;12
10307;12
10308;12
10309;12
10312;12
10313;12
10314;12
10318;12
10319;12
1765;12
1764;12
1762;12
1760;12
1759;12
1756;12
12787;12
1753;12
1750;12
12790;12
12791;12
12792;12
12794;12
12796;12
12798;12
12799;12
1748;12
1743;12
1742;12
12801;12
1740;12
12802;12
12804;12
1738;12
12805;12
1733;12
1732;12
1730;12
1728;12
1727;12
1726;12
1723;12
1722;12
1721;12
1720;12
1718;12
12806;12
1714;12
1713;12
12807;12
1711;12
1708;12
1707;12
1706;12
1705;12
1702;12
1700;12
1698;12
1697;12
1696;12
10578;12
1695;12
1693;12
1691;12
1690;12
1688;12
1686;12
1685;12
1684;12
1682;12
1680;12
1678;12
1677;12
1676;12
1673;12
1671;12
1669;12
1667;12
1665;12
1663;12
1660;12
1653;12
1652;12
1651;12
1650;12
1645;12
1642;12
1640;12
1638;12
1637;12
1635;12
1631;12
1629;12
1626;12
1622;12
1619;12
1618;12
1617;12
1616;12
1615;12
1612;12
1610;12
1609;12
1607;12
1606;12
1604;12
1598;12
12811;12
1597;12
1596;12
1594;12
1592;12
1591;12
1590;12
1589;12
1586;12
1585;12
1584;12
1583;12
1581;12
1580;12
10575;12
10576;12
10577;12
10580;12
10582;12
10583;12
10584;12
10585;12
10586;12
10587;12
10588;12
10589;12
10590;12
10592;12
10594;12
10595;12
10596;12
10597;12
10600;12
10602;12
10604;12
10606;12
10608;12
10616;12
10618;12
10619;12
10623;12
10624;12
10626;12
10627;12
10630;12
10631;12
10632;12
10635;12
10637;12
10638;12
10640;12
10645;12
10646;12
10648;12
10650;12
10652;12
10653;12
10655;12
10656;12
10657;12
10659;12
10660;12
10661;12
10665;12
10666;12
10667;12
10668;12
10669;12
10670;12
10674;12
10677;12
10678;12
10680;12
10683;12
10685;12
10688;12
10689;12
10691;12
10693;12
10694;12
10696;12
10697;12
10703;12
10705;12
10709;12
10710;12
10711;12
10712;12
10713;12
10714;12
10716;12
10717;12
10718;12
10720;12
10724;12
10726;12
10727;12
10728;12
10731;12
10734;12
10736;12
10737;12
10738;12
10741;12
10742;12
10743;12
10746;12
10748;12
10749;12
10750;12
10751;12
10754;12
10755;12
10756;12
10758;12
10760;12
10762;12
10763;12
10764;12
10766;12
10767;12
10769;12
10771;12
10773;12
10774;12
10776;12
10777;12
10778;12
10779;12
10783;12
10785;12
10787;12
10789;12
10791;12
10796;12
10798;12
10799;12
10800;12
10801;12
10802;12
10805;12
10806;12
10807;12
10812;12
10820;12
10821;12
10826;12
10827;12
10830;12
10831;12
10834;12
10836;12
10837;12
10838;12
10840;12
10841;12
10842;12
10844;12
10845;12
10847;12
10848;12
10849;12
10851;12
10854;12
10855;12
10859;12
10860;12
10864;12
10865;12
10866;12
10867;12
10868;12
10869;12
10871;12
10872;12
10874;12
10875;12
10876;12
10880;12
10881;12
10882;12
10890;12
10892;12
10893;12
10895;12
10896;12
10899;12
10900;12
10901;12
10904;12
10905;12
10906;12
10911;12
10913;12
10917;12
10920;12
10921;12
10922;12
10924;12
10927;12
10928;12
10931;12
10932;12
10933;12
10934;12
10935;12
10936;12
10937;12
10938;12
10942;12
10946;12
10948;12
10952;12
10953;12
10959;12
10960;12
10961;12
10963;12
10965;12
10966;12
10967;12
10969;12
10970;12
10973;12
10974;12
10975;12
10977;12
10978;12
10979;12
10980;12
1574;12
1571;12
1570;12
1567;12
1566;12
1565;12
1563;12
1562;12
1561;12
12815;12
12818;12
12819;12
12820;12
12821;12
1559;12
1556;12
1551;12
1543;12
1542;12
1540;12
1538;12
1535;12
12825;12
1534;12
12826;12
1533;12
1532;12
1531;12
1530;12
1529;12
1526;12
1525;12
1524;12
1523;12
1520;12
1519;12
1518;12
1516;12
1515;12
1514;12
1513;12
1511;12
1510;12
1509;12
1507;12
1505;12
1502;12
1501;12
1500;12
1497;12
1494;12
12827;12
1493;12
1492;12
1490;12
1487;12
1484;12
1481;12
1478;12
1477;12
1476;12
1475;12
1474;12
1473;12
1471;12
1470;12
1469;12
1468;12
11147;12
1463;12
1462;12
1458;12
1457;12
1455;12
1453;12
1452;12
1451;12
1450;12
1449;12
1446;12
1438;12
1436;12
1434;12
1432;12
1431;12
1428;12
1426;12
1425;12
1424;12
1423;12
1416;12
1415;12
1413;12
1412;12
1407;12
1405;12
1399;12
1395;12
1393;12
1391;12
1389;12
1388;12
1379;12
1376;12
1374;12
1373;12
1372;12
1370;12
1365;12
1364;12
1360;12
1358;12
1357;12
1355;12
1351;12
1348;12
1346;12
1345;12
1344;12
1343;12
1342;12
1341;12
1340;12
1339;12
1337;12
1335;12
1331;12
1330;12
1327;12
1324;12
1323;12
1321;12
1319;12
1317;12
1315;12
1308;12
1306;12
1304;12
1300;12
1297;12
1296;12
1294;12
1293;12
1292;12
11352;12
1290;12
1289;12
1287;12
1285;12
1283;12
1282;12
1281;12
1280;12
1273;12
1272;12
1271;12
1270;12
1269;12
1265;12
1262;12
1261;12
1259;12
1256;12
1255;12
1254;12
1252;12
1251;12
1250;12
1249;12
1247;12
1246;12
1245;12
1238;12
1237;12
1236;12
1235;12
1233;12
1232;12
1229;12
1227;12
1224;12
1223;12
1221;12
1220;12
1219;12
1214;12
1212;12
1209;12
1207;12
1204;12
1203;12
1202;12
1201;12
1199;12
1198;12
1193;12
1192;12
1191;12
1190;12
1188;12
1186;12
1184;12
1166;12
1118;12
968;12
674;12
12830;12
11741;12
11793;12
11795;12
11796;12
11798;12
11800;12
11802;12
11803;12
11804;12
11806;12
11808;12
11811;12
11812;12
11813;12
11814;12
11815;12
11816;12
11817;12
11818;12
11821;12
11824;12
11825;12
11826;12
11827;12
11830;12
11836;12
11837;12
11838;12
11843;12
11845;12
11847;12
11848;12
11849;12
11851;12
11854;12
11856;12
11857;12
11861;12
11862;12
11863;12
11865;12
11868;12
11870;12
11874;12
11875;12
11876;12
11877;12
11879;12
11882;12
11883;12
11884;12
11887;12
11888;12
11890;12
11891;12
11894;12
11897;12
11900;12
11902;12
11903;12
11905;12
11906;12
11910;12
11912;12
11914;12
11915;12
11919;12
11920;12
11921;12
11922;12
11926;12
11927;12
11928;12
11929;12
11930;12
11932;12
11934;12
11935;12
11937;12
11939;12
11940;12
11943;12
11946;12
11947;12
11948;12
11949;12
11950;12
11952;12
11954;12
11956;12
11960;12
11962;12
11964;12
11965;12
11966;12
11967;12
11971;12
11973;12
11980;12
11981;12
11986;12
11987;12
11988;12
11990;12
11991;12
11993;12
11998;12
11999;12
12002;12
12004;12
12005;12
12010;12
12011;12
12013;12
12014;12
12074;12
12075;12
12077;12
12078;12
12079;12
12080;12
12082;12
12083;12
12084;12
12085;12
12088;12
12092;12
12093;12
12094;12
12095;12
12096;12
12097;12
12099;12
12100;12
12103;12
12105;12
12106;12
12107;12
12110;12
12111;12
12115;12
12116;12
12117;12
12119;12
12123;12
12125;12
12130;12
12132;12
12133;12
12135;12
12136;12
12137;12
12138;12
12139;12
12141;12
12142;12
12144;12
12145;12
12148;12
12149;12
12150;12
12151;12
12154;12
12157;12
12159;12
12161;12
12163;12
12167;12
12169;12
12170;12
12171;12
12176;12
12177;12
12178;12
12179;12
12181;12
12183;12
12185;12
12186;12
12189;12
12190;12
12191;12
12198;12
12199;12
12203;12
12204;12
12209;12
12210;12
12212;12
12214;12
12216;12
12223;12
12224;12
12225;12
12228;12
12229;12
12232;12
12234;12
12235;12
12236;12
12239;12
12240;12
12242;12
12243;12
12245;12
12246;12
12247;12
12248;12
12249;12
12250;12
12252;12
12253;12
12254;12
12259;12
12261;12
12264;12
12265;12
12266;12
12267;12
12268;12
12269;12
12270;12
12271;12
12272;12
12273;12
12276;12
12278;12
12279;12
12283;12
12286;12
12288;12
12289;12
12290;12
12292;12
12293;12
12294;12
12295;12
12298;12
12300;12
12302;12
12304;12
12306;12
12309;12
12311;12
12314;12
12316;12
12317;12
12319;12
12321;12
12323;12
12324;12
12328;12
12329;12
12330;12
12331;12
12333;12
12334;12
12335;12
12337;12
12338;12
12343;12
12348;12
12350;12
12352;12
12354;12
12355;12
12356;12
12357;12
12360;12
12363;12
12364;12
12365;12
12367;12
12368;12
12369;12
12370;12
12371;12
12372;12
12375;12
12376;12
12378;12
12379;12
12381;12
12384;12
12385;12
12386;12
12387;12
12388;12
12389;12
12391;12
12393;12
12396;12
12399;12
12401;12
12405;12
12407;12
12408;12
12411;12
12413;12
12418;12
12421;12
12423;12
12424;12
12425;12
12427;12
12428;12
12430;12
12431;12
12433;12
12434;12
12441;12
12443;12
12444;12
12445;12
12446;12
12447;12
12450;12
12451;12
12453;12
12454;12
12455;12
12457;12
12458;12
12459;12
12460;12
12461;12
12462;12
12463;12
12464;12
12467;12
12468;12
12471;12
12473;12
12475;12
12480;12
12483;12
12484;12
12485;12
12486;12
12489;12
12490;12
12491;12
12493;12
12494;12
12497;12
12501;12
12502;12
12503;12
12505;12
12506;12
12508;12
12509;12
12510;12
12513;12
12516;12
12521;12
12522;12
12523;12
12524;12
12529;12
12530;12
12533;12
12534;12
12537;12
12544;12
12546;12
12548;12
12550;12
12551;12
12552;12
12553;12
12554;12
12555;12
12556;12
12558;12
12559;12
12560;12
12561;12
12564;12
12567;12
12568;12
12569;12
12570;12
12571;12
12574;12
12579;12
12581;12
12582;12
12583;12
12584;12
12586;12
12589;12
12590;12
12591;12
12592;12
12593;12
12594;12
12596;12
12597;12
12598;12
12599;12
12600;12
12602;12
12603;12
12604;12
12606;12
12609;12
12612;12
12614;12
12616;12
12617;12
12619;12
12620;12
12621;12
12623;12
12625;12
12626;12
12627;12
12628;12
12629;12
12630;12
12631;12
12632;12
12633;12
12634;12
12636;12
12637;12
12638;12
12639;12
12640;12
12642;12
12646;12
12647;12
12649;12
12653;12
12654;12
12658;12
12660;12
12663;12
12668;12
12670;12
12671;12
12676;12
12680;12
12682;12
12683;12
12684;12
12685;12
12689;12
12690;12
12691;12
12693;12
12694;12
12695;12
12696;12
12697;12
4504;12
4505;12
4511;12
4513;12
4516;12
4518;12
4530;12
4531;12
4533;12
4536;12
4545;12
4546;12
4547;12
4549;12
4551;12
4555;12
4556;12
4560;12
4563;12
4564;12
4566;12
4567;12
4568;12
4569;12
4570;12
4574;12
4576;12
4579;12
4580;12
4581;12
4582;12
4583;12
4584;12
4585;12
4586;12
4589;12
4593;12
4595;12
4596;12
4597;12
4600;12
4602;12
4603;12
4611;12
4613;12
4614;12
4616;12
4619;12
4624;12
4627;12
4628;12
4629;12
4630;12
4632;12
4635;12
4638;12
4640;12
12020;12
12022;12
12029;12
12031;12
12036;12
12040;12
12041;12
12042;12
12046;12
12047;12
12048;12
12052;12
12053;12
12056;12
12060;12
12061;12
12063;12
12064;12
12066;12
12067;12
12069;12
12070;12
9195;17
2301;17
12021;17
5633;17
11951;17
11881;17
4059;17
9277;17
4060;17
4744;17
6883;17
9251;17
6862;17
9227;17
4852;17
9206;17
9202;17
4200;17
4209;17
9192;17
6860;17
6858;17
4235;17
9172;17
6853;17
6828;17
9171;17
4679;17
6827;17
12711;17
9167;17
4827;17
4236;17
9166;17
9162;17
9159;17
9157;17
4239;17
9153;17
9147;17
9092;17
6811;17
12349;17
5242;17
6810;17
1808;17
6803;17
4275;17
5232;17
4277;17
1809;17
1864;17
4278;17
1872;17
1878;17
4296;17
6790;17
12366;17
4387;17
5979;17
5962;17
5759;17
6786;17
1925;17
4618;17
1935;17
4590;17
1979;17
1980;17
6759;17
5730;17
6742;17
5226;17
1981;17
12613;17
5729;17
2063;17
2064;17
6741;17
2079;17
2086;17
5709;17
2090;17
5216;17
12402;17
2096;17
2097;17
6708;17
2181;17
5688;17
2187;17
2299;17
2300;17
12414;17
12415;17
11835;17
12027;17
11834;17
8350;17
530;17
8345;17
1007;17
6684;17
1295;17
1302;17
8344;17
5580;17
1305;17
1311;17
1313;17
5537;17
8341;17
1375;17
1378;17
5192;17
8278;17
1381;17
1396;17
4824;17
1440;17
1441;17
1442;17
5536;17
8277;17
12062;17
4817;17
5523;17
1465;17
8226;17
12068;17
8225;17
2322;17
1466;17
1512;17
2418;17
4801;17
6682;17
5522;17
11068;17
4553;17
4554;17
5178;17
2484;17
1546;17
1547;17
12449;17
12089;17
12090;17
1575;17
5170;17
5521;17
6681;17
6679;17
10958;17
6663;17
10957;17
10956;17
5499;17
10955;17
5469;17
4623;17
10954;17
6646;17
10907;17
6634;17
2548;17
2549;17
5411;17
10863;17
10850;17
10833;17
5376;17
10797;17
2550;17
10788;17
10753;17
10752;17
2551;17
10739;17
12655;17
10729;17
12656;17
2552;17
12657;17
2553;17
2554;17
10700;17
2583;17
10686;17
4455;17
2982;17
10658;17
2983;17
6631;17
4745;17
12661;17
12813;17
6610;17
12812;17
1600;17
2990;17
1614;17
2998;17
1633;17
5375;17
1634;17
6585;17
1646;17
1654;17
1655;17
1659;17
3053;17
6574;17
1687;17
1699;17
12174;17
1749;17
3054;17
3068;17
4768;17
12744;17
10299;17
3110;17
10285;17
3111;17
10221;17
6572;17
10218;17
10109;17
5057;17
3114;17
10107;17
10055;17
10022;17
10003;17
9972;17
3135;17
9909;17
9894;17
12205;17
12207;17
9893;17
5056;17
7473;17
9880;17
7441;17
9866;17
12723;17
9850;17
7320;17
9810;17
9764;17
9763;17
9741;17
9737;17
7319;17
6466;17
7318;17
9666;17
7317;17
7300;17
9662;17
9536;17
3140;17
9509;17
4899;17
4102;17
9508;17
5349;17
9507;17
9506;17
4572;17
5302;17
3917;17
4608;17
9472;17
4103;17
9446;17
9443;17
9410;17
12258;17
6384;17
9406;17
9361;17
3984;17
4016;17
4149;17
4022;17
5300;17
4023;17
4609;17
4058;17
9351;17
5292;17
4150;17
5263;17
9337;17
9335;17
4610;17
9333;17
4754;17
4855;17
4636;17
9332;17
12557;17
4165;17
4501;17
9285;17
9284;17
11872;10
3907;10
3911;10
5682;10
3913;10
10879;10
4466;10
566;10
993;10
6768;10
1205;10
9182;10
1241;10
3914;10
4539;10
6538;10
5629;10
1926;10
9181;10
4502;10
3922;10
10744;10
3937;10
4643;10
1347;10
9952;10
6537;10
12472;10
9305;10
9180;10
9900;10
4503;10
6509;10
4063;10
5747;10
2566;10
12206;10
9108;10
6837;10
3938;10
10672;10
8227;10
9369;10
6836;10
3939;10
3940;10
9256;10
1486;10
10617;10
2330;10
4007;10
1522;10
5734;10
2435;10
9255;10
1927;10
9254;10
4331;10
2040;10
9709;10
9354;10
12275;10
9087;10
9708;10
6769;10
6752;10
6584;10
12416;10
12641;10
2488;10
9341;10
6583;10
9340;10
9339;10
2507;10
12622;10
4064;10
9196;10
5913;10
12237;10
4217;10
12648;10
12015;10
3901;10
10919;10
6658;10
4223;10
10918;10
12113;10
